place_id,title,main_category,rating,reviews,link,website,phone,address,price_range,description,reviews_per_rating,latitude,longitude
TA001,Baimai Activity Space,สโมสร,4.6,43,https://www.google.com/maps/place/Baimai+Activity+Space/data=!4m7!3m6!1s0x311db923e056a493:0xf5b52ea62d819905!8m2!3d14.31961!4d101.0817065!16s%2Fg%2F11ff039nv8!19sChIJk6RW4CO5HTERBZmBLaYutfU?authuser=0&hl=th&rclk=1,http://baimai.org/,089 234 0947,9 Baimai Activity Space ตำบล ป่าขะ อำเภอบ้านนา นครนายก 26110,,,"{'1': 0, '2': 0, '3': 1, '4': 17, '5': 25}",14.31961,101.0817065
TA002,Farm de Lek,ฟาร์มสัตว์ปีก,4.4,135,https://www.google.com/maps/place/Farm+de+Lek/data=!4m7!3m6!1s0x311d9f2e5ad3c1e5:0xb5848db27c228882!8m2!3d14.1204905!4d100.9446574!16s%2Fg%2F11b6_fs2h2!19sChIJ5cHTWi6fHTERgogifLKNhLU?authuser=0&hl=th&rclk=1,,098 463 8223,"Farm de Lek Unnamed Rd, Tambon Khlong Yai, Amphoe Ongkharak, Chang Wat Nakhon Nayok 26120",,,"{'1': 6, '2': 1, '3': 11, '4': 28, '5': 89}",14.1204905,100.9446574
TA003,Green Camp Nakhon Nayok,สถานที่ท่องเที่ยว,,,https://www.google.com/maps/place/Green+Camp+Nakhon+Nayok/data=!4m7!3m6!1s0x311c4d19924fbd65:0x4da399c0181522e9!8m2!3d14.2225517!4d101.3857238!16s%2Fg%2F11kbcy5g_m!19sChIJZb1PkhlNHDER6SIVGMCZo00?authuser=0&hl=th&rclk=1,,,69CP+X8 Green Camp Nakhon Nayok ตำบล นาหินลาด อำเภอปากพลี นครนายก 25230,,,"{'1': None, '2': None, '3': None, '4': None, '5': None}",14.2225517,101.3857238
TA004,Khao Yai ASEAN Heritage Park,สถานที่ท่องเที่ยว,5,1,https://www.google.com/maps/place/Khao+Yai+ASEAN+Heritage+Park/data=!4m7!3m6!1s0x311c35be4000baef:0x3512538c859c162!8m2!3d14.4390813!4d101.3721992!16s%2Fg%2F11lgy13zdg!19sChIJ77oAQL41HDERYsFZyDglUQM?authuser=0&hl=th&rclk=1,,,C9QC+JVP Khao Yai ASEAN Heritage Park ตำบล หินตั้ง อำเภอเมืองนครนายก นครนายก 26000,,,"{'1': 0, '2': 0, '3': 0, '4': 0, '5': 1}",14.4390813,101.3721992
TA005,Khlong Bod Reservoir,สถานที่ท่องเที่ยว,4.2,77,https://www.google.com/maps/place/Khlong+Bod+Reservoir/data=!4m7!3m6!1s0x311db0c5ba365f9f:0xec17ceb699d68aeb!8m2!3d14.2865358!4d101.1919006!16s%2Fg%2F11gfdztmq_!19sChIJn182usWwHTER64rWmbbOF-w?authuser=0&hl=th&rclk=1,,,"75PR+JQ6 Khlong Bod Reservoir, ตำบล เขาพระ อำเภอเมืองนครนายก นครนายก 26000",,,"{'1': 0, '2': 5, '3': 11, '4': 26, '5': 35}",14.2865358,101.1919006
TA006,Kwannakorn Sport Garden,สถานที่ท่องเที่ยว,,,https://www.google.com/maps/place/Kwannakorn+Sport+Garden/data=!4m7!3m6!1s0x311db3f33df68223:0xdc3e4e9ec6220e4a!8m2!3d14.2885223!4d101.2736484!16s%2Fg%2F1hf14pdl7!19sChIJI4L2PfOzHTERSg4ixp5OPtw?authuser=0&hl=th&rclk=1,,086 060 9399,"Kwannakorn Sport Garden, 294 Moo 1, Tumbon Sarika, Amphoe Mueang Nakhon Nayok, Changwat Nakhon Nayok, 26000",,,"{'1': None, '2': None, '3': None, '4': None, '5': None}",14.2885223,101.2736484
TA007,Leader Adventure,สถานที่ท่องเที่ยว,4.5,4,https://www.google.com/maps/place/Leader+Adventure/data=!4m7!3m6!1s0x311db1b1c3680577:0xd1eafbf2d07c8d54!8m2!3d14.282897!4d101.1716416!16s%2Fg%2F11mvvl6pmb!19sChIJdwVow7GxHTERVI180PL76tE?authuser=0&hl=th&rclk=1,,089 799 1429,75MC+5M2 Leader Adventure Unnamed Road ตำบล พรหมณี อำเภอเมืองนครนายก นครนายก 26000,,,"{'1': 0, '2': 0, '3': 1, '4': 0, '5': 3}",14.282897,101.1716416
TA008,Mazecape,สวนน้ำ,4.8,28,https://www.google.com/maps/place/Mazecape/data=!4m7!3m6!1s0x311de57ccc7e88f5:0xf5702cf3cbc7081d!8m2!3d14.0594526!4d101.0039117!16s%2Fg%2F11rn3v641v!19sChIJ9Yh-zHzlHTERHQjHy_MscPU?authuser=0&hl=th&rclk=1,,093 539 9997,9 Mazecape ตำบล ศีรษะกระบือ อำเภอองครักษ์ นครนายก 26120,,,"{'1': 0, '2': 0, '3': 1, '4': 5, '5': 22}",14.0594526,101.0039117
TA009,Meenam Meena Waterplay,สวนน้ำ,4.3,51,https://www.google.com/maps/place/Meenam+Meena+Waterplay/data=!4m7!3m6!1s0x311db3d30a0b6711:0xce324bc59b6b5175!8m2!3d14.253794!4d101.259736!16s%2Fg%2F11f06mv0ny!19sChIJEWcLCtOzHTERdVFrm8VLMs4?authuser=0&hl=th&rclk=1,,090 938 0470,Meenam Meena Waterplay 160 ถนนสาริกา สาริกา เมือง นครนายก 26000,,,"{'1': 1, '2': 2, '3': 7, '4': 11, '5': 30}",14.253794,101.259736
TA010,PPPP FARM,สวนพฤกษศาสตร์,1,1,https://www.google.com/maps/place/PPPP+FARM/data=!4m7!3m6!1s0x311daf3a2a58284f:0x710ee1bfda825764!8m2!3d14.1526909!4d101.2267795!16s%2Fg%2F11h3gh7vr4!19sChIJTyhYKjqvHTERZFeC2r_hDnE?authuser=0&hl=th&rclk=1,,,563G+3PC PPPP FARM Unnamed Road ตำบล เกาะโพธิ์ อำเภอปากพลี นครนายก 26130,,,"{'1': 1, '2': 0, '3': 0, '4': 0, '5': 0}",14.1526909,101.2267795
TA011,RATV,ร้านซ่อมรถ ATV,4.2,181,https://www.google.com/maps/place/RATV/data=!4m7!3m6!1s0x311db46187f4bbd7:0xd0844bb1bcdd15b5!8m2!3d14.3127308!4d101.2956346!16s%2Fg%2F11ckhv82_c!19sChIJ17v0h2G0HTERtRXdvLFLhNA?authuser=0&hl=th&rclk=1,,080 278 8399,RATV 481 หมู่9 ตำบล สาริกา อำเภอเมืองนครนายก นครนายก 26000,,,"{'1': 11, '2': 4, '3': 16, '4': 53, '5': 97}",14.3127308,101.2956346
TA012,Thai Puan Museum,พิพิธภัณฑ์,4.7,7,https://www.google.com/maps/place/Thai+Puan+Museum/data=!4m7!3m6!1s0x311dadd20b844615:0x5df3c743c4289596!8m2!3d14.163687!4d101.26339!16s%2Fg%2F1pzqjcw37!19sChIJFUaEC9KtHTERlpUoxEPH810?authuser=0&hl=th&rclk=1,,037 399 833,"Thai Puan Museum, 84 Moo 4 Wat Fang Khlong, Tambon Ko Wai, Amphoe Pak Phli, Nakhon Nayok, 26130",,,"{'1': 0, '2': 0, '3': 0, '4': 2, '5': 5}",14.163687,101.26339
TA013,Three Worlds,สถานที่ท่องเที่ยว,,,https://www.google.com/maps/place/Three+Worlds/data=!4m7!3m6!1s0x311db58fb51558c3:0x15f2c45289c41bb!8m2!3d14.3134771!4d101.2883788!16s%2Fg%2F11td8srsyv!19sChIJw1gVtY-1HTERu0GcKEUsXwE?authuser=0&hl=th&rclk=1,,066 124 9089,347 Three Worlds ตำบล สาริกา อำเภอเมือง นครนายก 26000,,,"{'1': None, '2': None, '3': None, '4': None, '5': None}",14.3134771,101.2883788
TA014,การท่องเที่ยวแห่งประเทศไทย สำนักงานนครนายก,ศูนย์ข้อมูลนักท่องเที่ยว,4,6,https://www.google.com/maps/place/%E0%B8%81%E0%B8%B2%E0%B8%A3%E0%B8%97%E0%B9%88%E0%B8%AD%E0%B8%87%E0%B9%80%E0%B8%97%E0%B8%B5%E0%B9%88%E0%B8%A2%E0%B8%A7%E0%B9%81%E0%B8%AB%E0%B9%88%E0%B8%87%E0%B8%9B%E0%B8%A3%E0%B8%B0%E0%B9%80%E0%B8%97%E0%B8%A8%E0%B9%84%E0%B8%97%E0%B8%A2+%E0%B8%AA%E0%B8%B3%E0%B8%99%E0%B8%B1%E0%B8%81%E0%B8%87%E0%B8%B2%E0%B8%99%E0%B8%99%E0%B8%84%E0%B8%A3%E0%B8%99%E0%B8%B2%E0%B8%A2%E0%B8%81/data=!4m7!3m6!1s0x311db0295b0b31d9:0x288fcdc977a9a718!8m2!3d14.2127872!4d101.2011036!16s%2Fg%2F1hc7fh120!19sChIJ2TELWymwHTERGKepd8nNjyg?authuser=0&hl=th&rclk=1,https://www.tat8.com/,037 312 284,การท่องเที่ยวแห่งประเทศไทย สำนักงานนครนายก หมู่ที่ 1 182/88 ถ. สุวรรณศร ตำบล ท่าช้าง อำเภอเมืองนครนายก นครนายก 26000,,,"{'1': 1, '2': 0, '3': 0, '4': 2, '5': 3}",14.2127872,101.2011036
TA015,แก่งสามชั้น,สถานที่ท่องเที่ยว,4.1,3042,https://www.google.com/maps/place/%E0%B9%81%E0%B8%81%E0%B9%88%E0%B8%87%E0%B8%AA%E0%B8%B2%E0%B8%A1%E0%B8%8A%E0%B8%B1%E0%B9%89%E0%B8%99/data=!4m7!3m6!1s0x311db4869bd68fb9:0x967eba0346f08ea!8m2!3d14.3022412!4d101.3028965!16s%2Fg%2F11b7fkcd42!19sChIJuY_Wm4a0HTER6ghvNKDrZwk?authuser=0&hl=th&rclk=1,,,แก่งสามชั้น ตำบล สาริกา อำเภอเมืองนครนายก นครนายก 26000,,สถานที่ท่องเที่ยวริมแม่น้ำ มีแผงขายอาหารและห่วงยาง รวมถึงกิจกรรมล่องแก่งน้ำเชี่ยวในช่วงฤดูฝน,"{'1': 130, '2': 106, '3': 463, '4': 823, '5': 1520}",14.3022412,101.3028965
TA016,แก่งหรรษา at อำเภอเมืองนครนายก,สถานที่ท่องเที่ยว,4.7,6,https://www.google.com/maps/place/%E0%B9%81%E0%B8%81%E0%B9%88%E0%B8%87%E0%B8%AB%E0%B8%A3%E0%B8%A3%E0%B8%A9%E0%B8%B2+at+%E0%B8%AD%E0%B8%B3%E0%B9%80%E0%B8%A0%E0%B8%AD%E0%B9%80%E0%B8%A1%E0%B8%B7%E0%B8%AD%E0%B8%87%E0%B8%99%E0%B8%84%E0%B8%A3%E0%B8%99%E0%B8%B2%E0%B8%A2%E0%B8%81/data=!4m7!3m6!1s0x311db566d2b281fd:0x5b0639d94523eb7b!8m2!3d14.3267079!4d101.3192905!16s%2Fg%2F11h5p11jzl!19sChIJ_YGy0ma1HTERe-sjRdk5Bls?authuser=0&hl=th&rclk=1,https://www.facebook.com/%E0%B8%A3%E0%B9%89%E0%B8%B2%E0%B8%99%E0%B9%81%E0%B8%81%E0%B9%88%E0%B8%87%E0%B8%AB%E0%B8%A3%E0%B8%A3%E0%B8%A9%E0%B8%B2-%E0%B8%9A%E0%B9%89%E0%B8%B2%E0%B8%99%E0%B8%9E%E0%B8%B1%E0%B8%81%E0%B8%95%E0%B8%B4%E0%B8%94%E0%B8%99%E0%B9%89%E0%B8%B3%E0%B8%95%E0%B8%81-at-%E0%B8%99%E0%B9%89%E0%B8%B3%E0%B8%95%E0%B8%81%E0%B8%99%E0%B8%B2%E0%B8%87%E0%B8%A3%E0%B8%AD%E0%B8%87-486833455394637/,,88G9+MPM แก่งหรรษา at อำเภอเมืองนครนายก ตำบล หินตั้ง อำเภอเมืองนครนายก นครนายก 26000,,,"{'1': 0, '2': 0, '3': 0, '4': 2, '5': 4}",14.3267079,101.3192905
TA017,เขาหล่น-ผจญภัย,กีฬาผจญภัย,4.1,163,https://www.google.com/maps/place/%E0%B9%80%E0%B8%82%E0%B8%B2%E0%B8%AB%E0%B8%A5%E0%B9%88%E0%B8%99-%E0%B8%9C%E0%B8%88%E0%B8%8D%E0%B8%A0%E0%B8%B1%E0%B8%A2/data=!4m7!3m6!1s0x311db31480dd30d9:0xe89640fcc85d36a5!8m2!3d14.2638333!4d101.2598119!16s%2Fg%2F11ghltc099!19sChIJ2TDdgBSzHTERpTZdyPxAlug?authuser=0&hl=th&rclk=1,,,"7775+GWM เขาหล่น-ผจญภัย, ตำบล สาริกา อำเภอเมืองนครนายก นครนายก 26000",,,"{'1': 4, '2': 2, '3': 35, '4': 52, '5': 70}",14.2638333,101.2598119
TA018,เขื่อนขุนด่านปราการชล,สถานที่ท่องเที่ยว,4.5,13407,https://www.google.com/maps/place/%E0%B9%80%E0%B8%82%E0%B8%B7%E0%B9%88%E0%B8%AD%E0%B8%99%E0%B8%82%E0%B8%B8%E0%B8%99%E0%B8%94%E0%B9%88%E0%B8%B2%E0%B8%99%E0%B8%9B%E0%B8%A3%E0%B8%B2%E0%B8%81%E0%B8%B2%E0%B8%A3%E0%B8%8A%E0%B8%A5/data=!4m7!3m6!1s0x311db4bfbc7adfc7:0xc586dcf6cf6c2947!8m2!3d14.3140835!4d101.3213219!16s%2Fg%2F1230d2mq!19sChIJx996vL-0HTERRylsz_bchsU?authuser=0&hl=th&rclk=1,http://www.khundan.com/,037 349 557,เขื่อนขุนด่านปราการชล หมู่ที่ 2 บ้านท่าด่าน ตำบล หินตั้ง อำเภอเมืองนครนายก นครนายก 26000,,เขื่อนคอนกรีตขนาดใหญ่ที่สร้างแบบร่วมสมัยแห่งนี้มีทางให้นักท่องเที่ยวเดินชมวิวอันกว้างไกลได้,"{'1': 247, '2': 134, '3': 1008, '4': 3516, '5': 8502}",14.3140835,101.3213219
TA019,ค่ายลูกเสือสาริกา,อุทยาน,4.3,78,https://www.google.com/maps/place/%E0%B8%84%E0%B9%88%E0%B8%B2%E0%B8%A2%E0%B8%A5%E0%B8%B9%E0%B8%81%E0%B9%80%E0%B8%AA%E0%B8%B7%E0%B8%AD%E0%B8%AA%E0%B8%B2%E0%B8%A3%E0%B8%B4%E0%B8%81%E0%B8%B2/data=!4m7!3m6!1s0x311db3dab0d7dc27:0xc1056880b670877f!8m2!3d14.2590441!4d101.2632363!16s%2Fg%2F1hm50238g!19sChIJJ9zXsNqzHTERf4dwtoBoBcE?authuser=0&hl=th&rclk=1,,063 342 6111,7757+J79 ค่ายลูกเสือสาริกา ตำบล สาริกา อำเภอเมืองนครนายก นครนายก 26000,,,"{'1': 0, '2': 2, '3': 15, '4': 19, '5': 42}",14.2590441,101.2632363
TA020,คุ้มบ้านญวน,สถานที่ท่องเที่ยว,5,1,https://www.google.com/maps/place/%E0%B8%84%E0%B8%B8%E0%B9%89%E0%B8%A1%E0%B8%9A%E0%B9%89%E0%B8%B2%E0%B8%99%E0%B8%8D%E0%B8%A7%E0%B8%99/data=!4m7!3m6!1s0x311da5b7e092c37f:0xa10a7d306e8d84c!8m2!3d14.1884692!4d101.1060442!16s%2Fg%2F11t9trgkpf!19sChIJf8OS4LelHTERTNjoBtOnEAo?authuser=0&hl=th&rclk=1,,094 692 3556,คุ้มบ้านญวน 38 ตำบล ท่าทราย เมือง นครนายก 26000,,,"{'1': 0, '2': 0, '3': 0, '4': 0, '5': 1}",14.1884692,101.1060442
TA021,แค้มปิ้งท่าเรือพ่อแก่น แม่บุญเรือง จังหวัดนครนายกลานกางเต็นท์ริมน้ำ,สถานที่ท่องเที่ยว,4.1,116,https://www.google.com/maps/place/%E0%B9%81%E0%B8%84%E0%B9%89%E0%B8%A1%E0%B8%9B%E0%B8%B4%E0%B9%89%E0%B8%87%E0%B8%97%E0%B9%88%E0%B8%B2%E0%B9%80%E0%B8%A3%E0%B8%B7%E0%B8%AD%E0%B8%9E%E0%B9%88%E0%B8%AD%E0%B9%81%E0%B8%81%E0%B9%88%E0%B8%99+%E0%B9%81%E0%B8%A1%E0%B9%88%E0%B8%9A%E0%B8%B8%E0%B8%8D%E0%B9%80%E0%B8%A3%E0%B8%B7%E0%B8%AD%E0%B8%87+%E0%B8%88%E0%B8%B1%E0%B8%87%E0%B8%AB%E0%B8%A7%E0%B8%B1%E0%B8%94%E0%B8%99%E0%B8%84%E0%B8%A3%E0%B8%99%E0%B8%B2%E0%B8%A2%E0%B8%81%E0%B8%A5%E0%B8%B2%E0%B8%99%E0%B8%81%E0%B8%B2%E0%B8%87%E0%B9%80%E0%B8%95%E0%B9%87%E0%B8%99%E0%B8%97%E0%B9%8C%E0%B8%A3%E0%B8%B4%E0%B8%A1%E0%B8%99%E0%B9%89%E0%B8%B3/data=!4m7!3m6!1s0x311db3cae92e084b:0x6c1fb4173540079b!8m2!3d14.2903864!4d101.2980273!16s%2Fg%2F11f64bjvbz!19sChIJSwgu6cqzHTERmwdANRe0H2w?authuser=0&hl=th&rclk=1,,098 653 6992,แค้มปิ้งท่าเรือพ่อแก่น แม่บุญเรือง จังหวัดนครนายกลานกางเต็นท์ริมน้ำ Unnamed Road ตำบล หินตั้ง อำเภอเมืองนครนายก นครนายก 26000,,,"{'1': 8, '2': 3, '3': 14, '4': 32, '5': 59}",14.2903864,101.2980273
TA022,แคร่เรานครนายก,สถานที่ท่องเที่ยว,3.8,4,https://www.google.com/maps/place/%E0%B9%81%E0%B8%84%E0%B8%A3%E0%B9%88%E0%B9%80%E0%B8%A3%E0%B8%B2%E0%B8%99%E0%B8%84%E0%B8%A3%E0%B8%99%E0%B8%B2%E0%B8%A2%E0%B8%81/data=!4m7!3m6!1s0x311db57656a110fd:0x798e4725b097dd9a!8m2!3d14.3063444!4d101.2572034!16s%2Fg%2F11s0wvzcjf!19sChIJ_RChVna1HTERmt2XsCVHjnk?authuser=0&hl=th&rclk=1,https://khaerraonakhonnayok.business.site/,095 740 0160,แคร่เรานครนายก 128 1 ตำบล สาริกา อำเภอเมืองนครนายก นครนายก 26000,,,"{'1': 1, '2': 0, '3': 0, '4': 1, '5': 2}",14.3063444,101.2572034
TA023,โครงการเกษตรรวมใจ อันเนื่องมาจากพระราชดําริ,สถานที่ท่องเที่ยว,,,https://www.google.com/maps/place/%E0%B9%82%E0%B8%84%E0%B8%A3%E0%B8%87%E0%B8%81%E0%B8%B2%E0%B8%A3%E0%B9%80%E0%B8%81%E0%B8%A9%E0%B8%95%E0%B8%A3%E0%B8%A3%E0%B8%A7%E0%B8%A1%E0%B9%83%E0%B8%88+%E0%B8%AD%E0%B8%B1%E0%B8%99%E0%B9%80%E0%B8%99%E0%B8%B7%E0%B9%88%E0%B8%AD%E0%B8%87%E0%B8%A1%E0%B8%B2%E0%B8%88%E0%B8%B2%E0%B8%81%E0%B8%9E%E0%B8%A3%E0%B8%B0%E0%B8%A3%E0%B8%B2%E0%B8%8A%E0%B8%94%E0%B9%8D%E0%B8%B2%E0%B8%A3%E0%B8%B4/data=!4m7!3m6!1s0x311db1e84c82ff13:0x558e5cff5a27f6b4!8m2!3d14.2868127!4d101.1812235!16s%2Fg%2F11kk8yvg0s!19sChIJE_-CTOixHTERtPYnWv9cjlU?authuser=0&hl=th&rclk=1,,064 474 5419,โครงการเกษตรรวมใจ อันเนื่องมาจากพระราชดําริ 199 ม. 13 อำเภอเมืองนครนายก นครนายก 26001,,,"{'1': None, '2': None, '3': None, '4': None, '5': None}",14.2868127,101.1812235
TA024,โครงการศูนย์ภูมิรักษ์ธรรมชาติ,ศูนย์การเรียนรู้,4.7,106,https://www.google.com/maps/place/%E0%B9%82%E0%B8%84%E0%B8%A3%E0%B8%87%E0%B8%81%E0%B8%B2%E0%B8%A3%E0%B8%A8%E0%B8%B9%E0%B8%99%E0%B8%A2%E0%B9%8C%E0%B8%A0%E0%B8%B9%E0%B8%A1%E0%B8%B4%E0%B8%A3%E0%B8%B1%E0%B8%81%E0%B8%A9%E0%B9%8C%E0%B8%98%E0%B8%A3%E0%B8%A3%E0%B8%A1%E0%B8%8A%E0%B8%B2%E0%B8%95%E0%B8%B4/data=!4m7!3m6!1s0x311db49a2236561d:0xa67601fae963fd5c!8m2!3d14.3040714!4d101.3140354!16s%2Fg%2F1hm3w4gq5!19sChIJHVY2Ipq0HTERXP1j6foBdqY?authuser=0&hl=th&rclk=1,http://www.bhumirak.com/,037 384 049,โครงการศูนย์ภูมิรักษ์ธรรมชาติ 98/1 หมู่ 2 บ้านท่าด่าน ตำบล หินตั้ง อำเภอ เมืองนครนายก นครนายก 26000,,,"{'1': 3, '2': 0, '3': 2, '4': 17, '5': 84}",14.3040714,101.3140354
TA025,โครงการส่งน้ำและบำรุงรักษาเขื่อนขุนด่านปราการชล,รัฐบาล,5,2,https://www.google.com/maps/place/%E0%B9%82%E0%B8%84%E0%B8%A3%E0%B8%87%E0%B8%81%E0%B8%B2%E0%B8%A3%E0%B8%AA%E0%B9%88%E0%B8%87%E0%B8%99%E0%B9%89%E0%B8%B3%E0%B9%81%E0%B8%A5%E0%B8%B0%E0%B8%9A%E0%B8%B3%E0%B8%A3%E0%B8%B8%E0%B8%87%E0%B8%A3%E0%B8%B1%E0%B8%81%E0%B8%A9%E0%B8%B2%E0%B9%80%E0%B8%82%E0%B8%B7%E0%B9%88%E0%B8%AD%E0%B8%99%E0%B8%82%E0%B8%B8%E0%B8%99%E0%B8%94%E0%B9%88%E0%B8%B2%E0%B8%99%E0%B8%9B%E0%B8%A3%E0%B8%B2%E0%B8%81%E0%B8%B2%E0%B8%A3%E0%B8%8A%E0%B8%A5/data=!4m7!3m6!1s0x311db3a49bfb9689:0x6812f01a5fb117d2!8m2!3d14.2663892!4d101.2881908!16s%2Fg%2F1pzsc1mfs!19sChIJiZb7m6SzHTER0hexXxrwEmg?authuser=0&hl=th&rclk=1,,037 384 192,"โครงการส่งน้ำและบำรุงรักษาเขื่อนขุนด่านปราการชล 139 หมู่ 2, ตำบลหินตั้ง อำเภอเมือง จังหวัดนครนายก, 26000",,,"{'1': 0, '2': 0, '3': 0, '4': 0, '5': 2}",14.2663892,101.2881908
TA026,จุดขึ้นเรือชมเขื่อนขุนด่าน เขาช่องลม,สถานที่ท่องเที่ยว,4.3,138,https://www.google.com/maps/place/%E0%B8%88%E0%B8%B8%E0%B8%94%E0%B8%82%E0%B8%B6%E0%B9%89%E0%B8%99%E0%B9%80%E0%B8%A3%E0%B8%B7%E0%B8%AD%E0%B8%8A%E0%B8%A1%E0%B9%80%E0%B8%82%E0%B8%B7%E0%B9%88%E0%B8%AD%E0%B8%99%E0%B8%82%E0%B8%B8%E0%B8%99%E0%B8%94%E0%B9%88%E0%B8%B2%E0%B8%99+%E0%B9%80%E0%B8%82%E0%B8%B2%E0%B8%8A%E0%B9%88%E0%B8%AD%E0%B8%87%E0%B8%A5%E0%B8%A1/data=!4m7!3m6!1s0x311db4bf76e66537:0x8cf27c5fa1298169!8m2!3d14.3155763!4d101.3244571!16s%2Fg%2F11f_h_xl5p!19sChIJN2Xmdr-0HTERaYEpoV988ow?authuser=0&hl=th&rclk=1,,,"จุดขึ้นเรือชมเขื่อนขุนด่าน เขาช่องลม Unnamed Road, 26000 ตำบล นาหินลาด อำเภอปากพลี นครนายก",,,"{'1': 4, '2': 2, '3': 12, '4': 44, '5': 76}",14.3155763,101.3244571
TA027,จุดชมนกเหยี่ยวหูดำ,สถานที่ท่องเที่ยว,4.3,45,https://www.google.com/maps/place/%E0%B8%88%E0%B8%B8%E0%B8%94%E0%B8%8A%E0%B8%A1%E0%B8%99%E0%B8%81%E0%B9%80%E0%B8%AB%E0%B8%A2%E0%B8%B5%E0%B9%88%E0%B8%A2%E0%B8%A7%E0%B8%AB%E0%B8%B9%E0%B8%94%E0%B8%B3/data=!4m7!3m6!1s0x311dabec9008f6f9:0xc4f1c529cc922f95!8m2!3d14.096623!4d101.2729785!16s%2Fg%2F11cm3r6ntr!19sChIJ-fYIkOyrHTERlS-SzCnF8cQ?authuser=0&hl=th&rclk=1,,081 318 1598,37WF+J5X จุดชมนกเหยี่ยวหูดำ ตำบล ท่าเรือ อำเภอปากพลี นครนายก 26130,,,"{'1': 1, '2': 2, '3': 5, '4': 10, '5': 27}",14.096623,101.2729785
TA028,จุดถ่าย สปิลเวย์ เขื่อนขุนด่านปราการชล,สถานที่ท่องเที่ยว,4.6,249,https://www.google.com/maps/place/%E0%B8%88%E0%B8%B8%E0%B8%94%E0%B8%96%E0%B9%88%E0%B8%B2%E0%B8%A2+%E0%B8%AA%E0%B8%9B%E0%B8%B4%E0%B8%A5%E0%B9%80%E0%B8%A7%E0%B8%A2%E0%B9%8C+%E0%B9%80%E0%B8%82%E0%B8%B7%E0%B9%88%E0%B8%AD%E0%B8%99%E0%B8%82%E0%B8%B8%E0%B8%99%E0%B8%94%E0%B9%88%E0%B8%B2%E0%B8%99%E0%B8%9B%E0%B8%A3%E0%B8%B2%E0%B8%81%E0%B8%B2%E0%B8%A3%E0%B8%8A%E0%B8%A5/data=!4m7!3m6!1s0x311db5bfc9429c83:0x6bcd8005b1fa30bd!8m2!3d14.3112117!4d101.3197981!16s%2Fg%2F11n72xh_bd!19sChIJg5xCyb-1HTERvTD6sQWAzWs?authuser=0&hl=th&rclk=1,,,8869+FWM จุดถ่าย สปิลเวย์ เขื่อนขุนด่านปราการชล Unnamed Road ตำบล หินตั้ง อำเภอเมืองนครนายก นครนายก 26000,,,"{'1': 7, '2': 2, '3': 13, '4': 43, '5': 184}",14.3112117,101.3197981
TA029,ชุมชนท่องเที่ยวOTOPนวัตวิถีบ้านหัวหมอนคลอง15,สถานที่ท่องเที่ยว,4.6,5,https://www.google.com/maps/place/%E0%B8%8A%E0%B8%B8%E0%B8%A1%E0%B8%8A%E0%B8%99%E0%B8%97%E0%B9%88%E0%B8%AD%E0%B8%87%E0%B9%80%E0%B8%97%E0%B8%B5%E0%B9%88%E0%B8%A2%E0%B8%A7OTOP%E0%B8%99%E0%B8%A7%E0%B8%B1%E0%B8%95%E0%B8%A7%E0%B8%B4%E0%B8%96%E0%B8%B5%E0%B8%9A%E0%B9%89%E0%B8%B2%E0%B8%99%E0%B8%AB%E0%B8%B1%E0%B8%A7%E0%B8%AB%E0%B8%A1%E0%B8%AD%E0%B8%99%E0%B8%84%E0%B8%A5%E0%B8%AD%E0%B8%8715/data=!4m7!3m6!1s0x311d9f84a139bac9:0x7c676357e9a0a6a3!8m2!3d14.0640712!4d100.9367743!16s%2Fg%2F11h_cs38cy!19sChIJybo5oYSfHTERo6ag6VdjZ3w?authuser=0&hl=th&rclk=1,,098 976 0073,3W7P+JPC ชุมชนท่องเที่ยวOTOPนวัตวิถีบ้านหัวหมอนคลอง15 ตำบล บึงศาล อำเภอองครักษ์ นครนายก 26120,,,"{'1': 0, '2': 0, '3': 1, '4': 0, '5': 4}",14.0640712,100.9367743
TA030,ชุมเสือ (วีฟาร์ม) : ขี่ม้า ล่องแก่ง ATV ปิคนิค แคมป์ปิ้ง นครนายก,สถานที่ท่องเที่ยว,3.9,70,https://www.google.com/maps/place/%E0%B8%8A%E0%B8%B8%E0%B8%A1%E0%B9%80%E0%B8%AA%E0%B8%B7%E0%B8%AD+%28%E0%B8%A7%E0%B8%B5%E0%B8%9F%E0%B8%B2%E0%B8%A3%E0%B9%8C%E0%B8%A1%29+:+%E0%B8%82%E0%B8%B5%E0%B9%88%E0%B8%A1%E0%B9%89%E0%B8%B2+%E0%B8%A5%E0%B9%88%E0%B8%AD%E0%B8%87%E0%B9%81%E0%B8%81%E0%B9%88%E0%B8%87+ATV+%E0%B8%9B%E0%B8%B4%E0%B8%84%E0%B8%99%E0%B8%B4%E0%B8%84+%E0%B9%81%E0%B8%84%E0%B8%A1%E0%B8%9B%E0%B9%8C%E0%B8%9B%E0%B8%B4%E0%B9%89%E0%B8%87+%E0%B8%99%E0%B8%84%E0%B8%A3%E0%B8%99%E0%B8%B2%E0%B8%A2%E0%B8%81/data=!4m7!3m6!1s0x311db48508e440b7:0x16012299bf6fb098!8m2!3d14.3045295!4d101.3057133!16s%2Fg%2F1hc21jf6z!19sChIJt0DkCIW0HTERmLBvv5kiARY?authuser=0&hl=th&rclk=1,https://www.nayok.com/,080 099 0559,ชุมเสือ (วีฟาร์ม) : ขี่ม้า ล่องแก่ง ATV ปิคนิค แคมป์ปิ้ง นครนายก วีฟาร์ม ตำบล สาริกา อำเภอเมืองนครนายก นครนายก 26000,,,"{'1': 7, '2': 3, '3': 12, '4': 16, '5': 32}",14.3045295,101.3057133
TA031,ซุ้มต้นไผ่ วัดจุฬาภรณ์วนาราม นครนายก,สถานที่ท่องเที่ยว,4.4,367,https://www.google.com/maps/place/%E0%B8%8B%E0%B8%B8%E0%B9%89%E0%B8%A1%E0%B8%95%E0%B9%89%E0%B8%99%E0%B9%84%E0%B8%9C%E0%B9%88+%E0%B8%A7%E0%B8%B1%E0%B8%94%E0%B8%88%E0%B8%B8%E0%B8%AC%E0%B8%B2%E0%B8%A0%E0%B8%A3%E0%B8%93%E0%B9%8C%E0%B8%A7%E0%B8%99%E0%B8%B2%E0%B8%A3%E0%B8%B2%E0%B8%A1+%E0%B8%99%E0%B8%84%E0%B8%A3%E0%B8%99%E0%B8%B2%E0%B8%A2%E0%B8%81/data=!4m7!3m6!1s0x311dbdaf65ffdbd5:0x8030b16ef693c01a!8m2!3d14.2786806!4d101.0320625!16s%2Fg%2F11fj7mr74f!19sChIJ1dv_Za-9HTERGsCT9m6xMIA?authuser=0&hl=th&rclk=1,,,72HJ+FRF ซุ้มต้นไผ่ วัดจุฬาภรณ์วนาราม นครนายก ตำบล บ้านพริก อำเภอบ้านนา นครนายก 26110,,,"{'1': 3, '2': 2, '3': 41, '4': 109, '5': 212}",14.2786806,101.0320625
TA032,ซุ้มวังหิน,สถานที่ท่องเที่ยว,5,1,https://www.google.com/maps/place/%E0%B8%8B%E0%B8%B8%E0%B9%89%E0%B8%A1%E0%B8%A7%E0%B8%B1%E0%B8%87%E0%B8%AB%E0%B8%B4%E0%B8%99/data=!4m7!3m6!1s0x311db9d3d08b16dd:0xe7d9feca399f3f42!8m2!3d14.3443666!4d101.1298692!16s%2Fg%2F11pr3cfvt3!19sChIJ3RaL0NO5HTERQj-fOcr-2ec?authuser=0&hl=th&rclk=1,,063 652 1287,84VH+PWX ซุ้มวังหิน ตำบล ศรีกะอาง อำเภอบ้านนา นครนายก 26110,,,"{'1': 0, '2': 0, '3': 0, '4': 0, '5': 1}",14.3443666,101.1298692
TA033,ต้นไม้มรดกชาติ#1,สถานที่ท่องเที่ยว,5,5,https://www.google.com/maps/place/%E0%B8%95%E0%B9%89%E0%B8%99%E0%B9%84%E0%B8%A1%E0%B9%89%E0%B8%A1%E0%B8%A3%E0%B8%94%E0%B8%81%E0%B8%8A%E0%B8%B2%E0%B8%95%E0%B8%B4%231/data=!4m7!3m6!1s0x311c3574f223f753:0x92202096a72dce9f!8m2!3d14.4131699!4d101.3718407!16s%2Fg%2F11h3wblxsz!19sChIJU_cj8nQ1HDERn84tp5YgIJI?authuser=0&hl=th&rclk=1,,,C97C+7P8 ต้นไม้มรดกชาติ#1 จุดชมวิวอุทยานแห่งชาติเขาใหญ่ 2090 ตำบล หินตั้ง อำเภอเมืองนครนายก นครนายก 26000,,,"{'1': 0, '2': 0, '3': 0, '4': 0, '5': 5}",14.4131699,101.3718407
TA034,ต้นยางนา,พิพิธภัณฑ์,,,https://www.google.com/maps/place/%E0%B8%95%E0%B9%89%E0%B8%99%E0%B8%A2%E0%B8%B2%E0%B8%87%E0%B8%99%E0%B8%B2/data=!4m7!3m6!1s0x311dac5d2ca3b997:0x677e05574b12934!8m2!3d14.1376817!4d101.2864663!16s%2Fg%2F11f4qnc0n9!19sChIJl7mjLF2sHTERNCmxdFXgdwY?authuser=0&hl=th&rclk=1,,,47QP+3HG ต้นยางนา ตำบล ปากพลี อำเภอปากพลี นครนายก 26130,,,"{'1': None, '2': None, '3': None, '4': None, '5': None}",14.1376817,101.2864663
TA035,ตลาดโรงเกลือนครนายก,ตลาด,3.9,6129,https://www.google.com/maps/place/%E0%B8%95%E0%B8%A5%E0%B8%B2%E0%B8%94%E0%B9%82%E0%B8%A3%E0%B8%87%E0%B9%80%E0%B8%81%E0%B8%A5%E0%B8%B7%E0%B8%AD%E0%B8%99%E0%B8%84%E0%B8%A3%E0%B8%99%E0%B8%B2%E0%B8%A2%E0%B8%81/data=!4m7!3m6!1s0x311db18de705311d:0x683ac4f5c17ed377!8m2!3d14.2342282!4d101.2423207!16s%2Fg%2F1q6294y1y!19sChIJHTEF542xHTERd9N-wfXEOmg?authuser=0&hl=th&rclk=1,https://ww2.nakhonnayok.go.th/travel/detail/33/data.html,,66MR+MWW ตลาดโรงเกลือนครนายก ทางหลวงแผ่นดินหมายเลข. 3049 ตำบล สาริกา อำเภอเมืองนครนายก นครนายก 26000,,,"{'1': 300, '2': 340, '3': 1421, '4': 1607, '5': 2461}",14.2342282,101.2423207
TA036,ท่าน้ำวัดเขานางบวช,สถานที่ท่องเที่ยว,4.8,4,https://www.google.com/maps/place/%E0%B8%97%E0%B9%88%E0%B8%B2%E0%B8%99%E0%B9%89%E0%B8%B3%E0%B8%A7%E0%B8%B1%E0%B8%94%E0%B9%80%E0%B8%82%E0%B8%B2%E0%B8%99%E0%B8%B2%E0%B8%87%E0%B8%9A%E0%B8%A7%E0%B8%8A/data=!4m7!3m6!1s0x311db3d464956555:0x1d8fbb6c20c82840!8m2!3d14.2460503!4d101.2740154!16s%2Fg%2F11gmyvmwy7!19sChIJVWWVZNSzHTERQCjIIGy7jx0?authuser=0&hl=th&rclk=1,,,67WF+CJC ท่าน้ำวัดเขานางบวช ตำบล สาริกา อำเภอเมืองนครนายก นครนายก 26000,,,"{'1': 0, '2': 0, '3': 0, '4': 1, '5': 3}",14.2460503,101.2740154
TA037,ที่ท่องเที่ยวปีใหม่ 2022,สถานที่ท่องเที่ยว,,,https://www.google.com/maps/place/%E0%B8%97%E0%B8%B5%E0%B9%88%E0%B8%97%E0%B9%88%E0%B8%AD%E0%B8%87%E0%B9%80%E0%B8%97%E0%B8%B5%E0%B9%88%E0%B8%A2%E0%B8%A7%E0%B8%9B%E0%B8%B5%E0%B9%83%E0%B8%AB%E0%B8%A1%E0%B9%88+2022/data=!4m7!3m6!1s0x311dbd3b04af9969:0x87fbc2b0a6e3eeac!8m2!3d14.2668979!4d101.0559643!16s%2Fg%2F11tfh9z7rc!19sChIJaZmvBDu9HTERrO7jprDC-4c?authuser=0&hl=th&rclk=1,https://beennerxzer.wixsite.com/travei,082 154 8017,283 ที่ท่องเที่ยวปีใหม่ 2022 อำเภอบ้านนา นครนายก 26110,,,"{'1': None, '2': None, '3': None, '4': None, '5': None}",14.2668979,101.0559643
TA038,ที่ทำการหมู่บ้านท่องเที่ยวชุมชนบ้านวังรี,สถานที่ท่องเที่ยว,4.8,8,https://www.google.com/maps/place/%E0%B8%97%E0%B8%B5%E0%B9%88%E0%B8%97%E0%B8%B3%E0%B8%81%E0%B8%B2%E0%B8%A3%E0%B8%AB%E0%B8%A1%E0%B8%B9%E0%B9%88%E0%B8%9A%E0%B9%89%E0%B8%B2%E0%B8%99%E0%B8%97%E0%B9%88%E0%B8%AD%E0%B8%87%E0%B9%80%E0%B8%97%E0%B8%B5%E0%B9%88%E0%B8%A2%E0%B8%A7%E0%B8%8A%E0%B8%B8%E0%B8%A1%E0%B8%8A%E0%B8%99%E0%B8%9A%E0%B9%89%E0%B8%B2%E0%B8%99%E0%B8%A7%E0%B8%B1%E0%B8%87%E0%B8%A3%E0%B8%B5/data=!4m7!3m6!1s0x311db7e5a2073a71:0x4ac4877ed6be584d!8m2!3d14.3351603!4d101.1927134!16s%2Fg%2F11mw6_hhc8!19sChIJcToHouW3HTERTVi-1n6HxEo?authuser=0&hl=th&rclk=1,,081 474 3181,ที่ทำการหมู่บ้านท่องเที่ยวชุมชนบ้านวังรี ที่ทำการผู้ใหญ่บ้าน​ หมู่​ 12​ บ้านวังรี ซอย โยธาธิการ ตำบล เขาพระ อำเภอเมืองนครนายก นครนายก 26000,,,"{'1': 0, '2': 0, '3': 0, '4': 2, '5': 6}",14.3351603,101.1927134
TA039,ที่เที่ยวปีใหม่ 2565,สถานที่ท่องเที่ยว,,,https://www.google.com/maps/place/%E0%B8%97%E0%B8%B5%E0%B9%88%E0%B9%80%E0%B8%97%E0%B8%B5%E0%B9%88%E0%B8%A2%E0%B8%A7%E0%B8%9B%E0%B8%B5%E0%B9%83%E0%B8%AB%E0%B8%A1%E0%B9%88+2565/data=!4m7!3m6!1s0x311db3daf1abce27:0x196fae025f54bd7a!8m2!3d14.2943168!4d101.2741578!16s%2Fg%2F11s7m0nxgz!19sChIJJ86r8dqzHTERer1UXwKubxk?authuser=0&hl=th&rclk=1,https://coower739.wixsite.com/mynakornsu,082 150 9731,22 ที่เที่ยวปีใหม่ 2565 ตำบล สาริกา เมือง นครนายก 26000,,,"{'1': None, '2': None, '3': None, '4': None, '5': None}",14.2943168,101.2741578
TA040,ทุ่ง ดอกฟ้าประทาน (ดอกต้อยติ่ง),สถานที่ท่องเที่ยว,,,https://www.google.com/maps/place/%E0%B8%97%E0%B8%B8%E0%B9%88%E0%B8%87+%E0%B8%94%E0%B8%AD%E0%B8%81%E0%B8%9F%E0%B9%89%E0%B8%B2%E0%B8%9B%E0%B8%A3%E0%B8%B0%E0%B8%97%E0%B8%B2%E0%B8%99+%28%E0%B8%94%E0%B8%AD%E0%B8%81%E0%B8%95%E0%B9%89%E0%B8%AD%E0%B8%A2%E0%B8%95%E0%B8%B4%E0%B9%88%E0%B8%87%29/data=!4m7!3m6!1s0x311db5d93fb6d023:0x170b109f892d0593!8m2!3d14.3018023!4d101.271497!16s%2Fg%2F11hzzg8hlq!19sChIJI9C2P9m1HTERkwUtiZ8QCxc?authuser=0&hl=th&rclk=1,,086 308 8796,872C+PHH ทุ่ง ดอกฟ้าประทาน (ดอกต้อยติ่ง) ถนนสาริกา-นางรอง ตำบล สาริกา อำเภอเมืองนครนายก นครนายก 26000,,,"{'1': None, '2': None, '3': None, '4': None, '5': None}",14.3018023,101.271497
TA041,ทุ่งบัวแดง บ้านนา นครนายก,สถานที่ท่องเที่ยว,3.7,291,https://www.google.com/maps/place/%E0%B8%97%E0%B8%B8%E0%B9%88%E0%B8%87%E0%B8%9A%E0%B8%B1%E0%B8%A7%E0%B9%81%E0%B8%94%E0%B8%87+%E0%B8%9A%E0%B9%89%E0%B8%B2%E0%B8%99%E0%B8%99%E0%B8%B2+%E0%B8%99%E0%B8%84%E0%B8%A3%E0%B8%99%E0%B8%B2%E0%B8%A2%E0%B8%81/data=!4m7!3m6!1s0x311dbca74d972ab5:0x1bbda93d2c712bbf!8m2!3d14.2309123!4d101.070288!16s%2Fg%2F11c1qt0jrl!19sChIJtSqXTae8HTERvytxLD2pvRs?authuser=0&hl=th&rclk=1,,,ทุ่งบัวแดง บ้านนา นครนายก ทางหลวงแผ่นดินหมายเลข. 3051 ตำบล ทองหลาง อำเภอบ้านนา นครนายก 26110,,,"{'1': 34, '2': 17, '3': 54, '4': 77, '5': 109}",14.2309123,101.070288
TA042,ทุ่งหญ้าสีทอง เขาหล่น,สถานที่ท่องเที่ยว,4.4,98,https://www.google.com/maps/place/%E0%B8%97%E0%B8%B8%E0%B9%88%E0%B8%87%E0%B8%AB%E0%B8%8D%E0%B9%89%E0%B8%B2%E0%B8%AA%E0%B8%B5%E0%B8%97%E0%B8%AD%E0%B8%87+%E0%B9%80%E0%B8%82%E0%B8%B2%E0%B8%AB%E0%B8%A5%E0%B9%88%E0%B8%99/data=!4m7!3m6!1s0x311db3daa675a0bd:0xc5b2136479d2621b!8m2!3d14.262605!4d101.2629071!16s%2Fg%2F11cm4188nx!19sChIJvaB1ptqzHTERG2LSeWQTssU?authuser=0&hl=th&rclk=1,,,"7777+25V ทุ่งหญ้าสีทอง เขาหล่น Unnamed Rd, ตำบล สาริกา อำเภอเมืองนครนายก นครนายก 26000",,,"{'1': 1, '2': 2, '3': 9, '4': 34, '5': 52}",14.262605,101.2629071
TA043,ธารา ชลพฤกษ์ ฟาร์มสุข,สถานที่ท่องเที่ยว,4.6,34,https://www.google.com/maps/place/%E0%B8%98%E0%B8%B2%E0%B8%A3%E0%B8%B2+%E0%B8%8A%E0%B8%A5%E0%B8%9E%E0%B8%A4%E0%B8%81%E0%B8%A9%E0%B9%8C+%E0%B8%9F%E0%B8%B2%E0%B8%A3%E0%B9%8C%E0%B8%A1%E0%B8%AA%E0%B8%B8%E0%B8%82/data=!4m7!3m6!1s0x311dbb358f3c2d4b:0x96f34b78eb7f80d7!8m2!3d14.2190537!4d101.1135239!16s%2Fg%2F11ll3n09cb!19sChIJSy08jzW7HTER14B_63hL85Y?authuser=0&hl=th&rclk=1,https://www.clpresort.com/index.php,080 630 3331,ธารา ชลพฤกษ์ ฟาร์มสุข 64 ม.10 ตำบล บ้านพร้าว อำเภอบ้านนา นครนายก 26110,,,"{'1': 0, '2': 0, '3': 4, '4': 6, '5': 24}",14.2190537,101.1135239
TA044,น้ำตกกะอาง,สถานที่ท่องเที่ยว,4,688,https://www.google.com/maps/place/%E0%B8%99%E0%B9%89%E0%B8%B3%E0%B8%95%E0%B8%81%E0%B8%81%E0%B8%B0%E0%B8%AD%E0%B8%B2%E0%B8%87/data=!4m7!3m6!1s0x311db9b3ce12203d:0xb01a3985f656b31d!8m2!3d14.3428088!4d101.1313965!16s%2Fg%2F1hf6jjcc6!19sChIJPSASzrO5HTERHbNW9oU5GrA?authuser=0&hl=th&rclk=1,,,84VJ+4HC น้ำตกกะอาง ตำบล ศรีกะอาง อำเภอบ้านนา นครนายก 26110,,,"{'1': 32, '2': 45, '3': 125, '4': 144, '5': 342}",14.3428088,101.1313965
TA045,น้ำตกแก่งสาวน้อย at อำเภอเมืองนครนายก,สถานที่ท่องเที่ยว,3.7,170,https://www.google.com/maps/place/%E0%B8%99%E0%B9%89%E0%B8%B3%E0%B8%95%E0%B8%81%E0%B9%81%E0%B8%81%E0%B9%88%E0%B8%87%E0%B8%AA%E0%B8%B2%E0%B8%A7%E0%B8%99%E0%B9%89%E0%B8%AD%E0%B8%A2+at+%E0%B8%AD%E0%B8%B3%E0%B9%80%E0%B8%A0%E0%B8%AD%E0%B9%80%E0%B8%A1%E0%B8%B7%E0%B8%AD%E0%B8%87%E0%B8%99%E0%B8%84%E0%B8%A3%E0%B8%99%E0%B8%B2%E0%B8%A2%E0%B8%81/data=!4m7!3m6!1s0x311db4842adc1fd1:0x977deda30cc37310!8m2!3d14.3057427!4d101.3045411!16s%2Fg%2F11cmccs7ts!19sChIJ0R_cKoS0HTEREHPDDKPtfZc?authuser=0&hl=th&rclk=1,,095 614 6656,"8843+7RV น้ำตกแก่งสาวน้อย at อำเภอเมืองนครนายก Unnamed Rd, ตำบล สาริกา อำเภอเมืองนครนายก นครนายก 26000",,,"{'1': 25, '2': 5, '3': 30, '4': 40, '5': 70}",14.3057427,101.3045411
TA046,น้ำตกโกรกทุเรียน Grok Durian Waterfall,สถานที่ท่องเที่ยว,4.7,26,https://www.google.com/maps/place/%E0%B8%99%E0%B9%89%E0%B8%B3%E0%B8%95%E0%B8%81%E0%B9%82%E0%B8%81%E0%B8%A3%E0%B8%81%E0%B8%97%E0%B8%B8%E0%B9%80%E0%B8%A3%E0%B8%B5%E0%B8%A2%E0%B8%99+Grok+Durian+Waterfall/data=!4m7!3m6!1s0x311db42a595ca131:0x497db6382b30a834!8m2!3d14.3396848!4d101.2542178!16s%2Fg%2F11h9ryqk_k!19sChIJMaFcWSq0HTERNKgwKzi2fUk?authuser=0&hl=th&rclk=1,,,87Q3+VMG น้ำตกโกรกทุเรียน Grok Durian Waterfall ตำบล สาริกา อำเภอเมืองนครนายก นครนายก 26000,,,"{'1': 0, '2': 1, '3': 1, '4': 4, '5': 20}",14.3396848,101.2542178
TA047,น้ำตกคลองคราม,อุทยานแห่งชาติ,4.4,57,https://www.google.com/maps/place/%E0%B8%99%E0%B9%89%E0%B8%B3%E0%B8%95%E0%B8%81%E0%B8%84%E0%B8%A5%E0%B8%AD%E0%B8%87%E0%B8%84%E0%B8%A3%E0%B8%B2%E0%B8%A1/data=!4m7!3m6!1s0x311c4b9f7922f079:0x6a9adb6e381f98cf!8m2!3d14.3113949!4d101.3507287!16s%2Fg%2F11f73_0qhc!19sChIJefAieZ9LHDERz5gfOG7bmmo?authuser=0&hl=th&rclk=1,,,"8962+H75 น้ำตกคลองคราม, ตำบล นาหินลาด อำเภอปากพลี นครนายก 26000",,,"{'1': 0, '2': 2, '3': 8, '4': 11, '5': 36}",14.3113949,101.3507287
TA048,น้ำตกคลองตาอิน Klong Ta-In Waterfall,สถานที่ท่องเที่ยว,4.4,9,https://www.google.com/maps/place/%E0%B8%99%E0%B9%89%E0%B8%B3%E0%B8%95%E0%B8%81%E0%B8%84%E0%B8%A5%E0%B8%AD%E0%B8%87%E0%B8%95%E0%B8%B2%E0%B8%AD%E0%B8%B4%E0%B8%99+Klong+Ta-In+Waterfall/data=!4m7!3m6!1s0x311db79204370b17:0xf7415911c6193674!8m2!3d14.3440717!4d101.2110537!16s%2Fg%2F11fn9v1sxt!19sChIJFws3BJK3HTERdDYZxhFZQfc?authuser=0&hl=th&rclk=1,,,86V6+JCF น้ำตกคลองตาอิน Klong Ta-In Waterfall Unnamed Road ตำบล เขาพระ อำเภอเมืองนครนายก นครนายก 26000,,,"{'1': 0, '2': 0, '3': 1, '4': 3, '5': 5}",14.3440717,101.2110537
TA049,น้ำตกคลองมะเดื่อ นครนายก,สถานที่ท่องเที่ยว,4.4,154,https://www.google.com/maps/place/%E0%B8%99%E0%B9%89%E0%B8%B3%E0%B8%95%E0%B8%81%E0%B8%84%E0%B8%A5%E0%B8%AD%E0%B8%87%E0%B8%A1%E0%B8%B0%E0%B9%80%E0%B8%94%E0%B8%B7%E0%B9%88%E0%B8%AD+%E0%B8%99%E0%B8%84%E0%B8%A3%E0%B8%99%E0%B8%B2%E0%B8%A2%E0%B8%81/data=!4m7!3m6!1s0x311db5ea7667c0d3:0xd27e174d3dc0c5e9!8m2!3d14.3643245!4d101.2702775!16s%2Fg%2F11bxq2hysb!19sChIJ08Bnduq1HTER6cXAPU0XftI?authuser=0&hl=th&rclk=1,,,น้ำตกคลองมะเดื่อ นครนายก ถนน ปากทางเข้าวังตะไคร้ ตำบล สาริกา อำเภอเมืองนครนายก นครนายก 26000,,,"{'1': 7, '2': 3, '3': 15, '4': 29, '5': 100}",14.3643245,101.2702775
TA050,น้ำตกช่องลม,สถานที่ท่องเที่ยว,4.5,294,https://www.google.com/maps/place/%E0%B8%99%E0%B9%89%E0%B8%B3%E0%B8%95%E0%B8%81%E0%B8%8A%E0%B9%88%E0%B8%AD%E0%B8%87%E0%B8%A5%E0%B8%A1/data=!4m7!3m6!1s0x311db52edaadd90f:0xf55d6b1f43e86df2!8m2!3d14.3199652!4d101.3386168!16s%2Fg%2F11f73ypjmg!19sChIJD9mt2i61HTER8m3oQx9rXfU?authuser=0&hl=th&rclk=1,,,"889Q+XCQ น้ำตกช่องลม, ตำบล นาหินลาด อำเภอเมืองนครนายก นครนายก 26000",,,"{'1': 3, '2': 4, '3': 16, '4': 80, '5': 191}",14.3199652,101.3386168
TA051,น้ำตกทรายทอง,สถานที่ท่องเที่ยว,4.4,13,https://www.google.com/maps/place/%E0%B8%99%E0%B9%89%E0%B8%B3%E0%B8%95%E0%B8%81%E0%B8%97%E0%B8%A3%E0%B8%B2%E0%B8%A2%E0%B8%97%E0%B8%AD%E0%B8%87/data=!4m7!3m6!1s0x311db7b702520e21:0x53575d309d68f18d!8m2!3d14.3542008!4d101.2009404!16s%2Fg%2F11jm4d_xg8!19sChIJIQ5SAre3HTERjfFonTBdV1M?authuser=0&hl=th&rclk=1,,,9632+M9P น้ำตกทรายทอง ตำบล เขาพระ อำเภอเมืองนครนายก นครนายก 26000,,,"{'1': 1, '2': 1, '3': 0, '4': 1, '5': 10}",14.3542008,101.2009404
TA052,น้ำตกนางรอง นครนายก,สถานที่ท่องเที่ยว,4.2,905,https://www.google.com/maps/place/%E0%B8%99%E0%B9%89%E0%B8%B3%E0%B8%95%E0%B8%81%E0%B8%99%E0%B8%B2%E0%B8%87%E0%B8%A3%E0%B8%AD%E0%B8%87+%E0%B8%99%E0%B8%84%E0%B8%A3%E0%B8%99%E0%B8%B2%E0%B8%A2%E0%B8%81/data=!4m7!3m6!1s0x311db4e80d316943:0xd4f75eecbb467c0b!8m2!3d14.3278668!4d101.3188583!16s%2Fg%2F11gdtkjw4z!19sChIJQ2kxDei0HTERC3xGu-xe99Q?authuser=0&hl=th&rclk=1,,,88H9+4GX น้ำตกนางรอง นครนายก ตำบล หินตั้ง อำเภอเมืองนครนายก นครนายก 26000,,,"{'1': 26, '2': 38, '3': 128, '4': 229, '5': 484}",14.3278668,101.3188583
TA053,น้ำตกผางามงอน,อุทยานแห่งชาติ,4.5,122,https://www.google.com/maps/place/%E0%B8%99%E0%B9%89%E0%B8%B3%E0%B8%95%E0%B8%81%E0%B8%9C%E0%B8%B2%E0%B8%87%E0%B8%B2%E0%B8%A1%E0%B8%87%E0%B8%AD%E0%B8%99/data=!4m7!3m6!1s0x311c4b1fc95b01b1:0xf2aeb60f262a0d93!8m2!3d14.2990063!4d101.3584705!16s%2Fg%2F11fd4cz4v3!19sChIJsQFbyR9LHDERkw0qJg-2rvI?authuser=0&hl=th&rclk=1,,,79X5+J95 น้ำตกผางามงอน ตำบล นาหินลาด อำเภอปากพลี นครนายก 26000,,,"{'1': 2, '2': 2, '3': 7, '4': 37, '5': 74}",14.2990063,101.3584705
TA054,น้ำตกผาตะแบก,สถานที่ท่องเที่ยว,4.3,12,https://www.google.com/maps/place/%E0%B8%99%E0%B9%89%E0%B8%B3%E0%B8%95%E0%B8%81%E0%B8%9C%E0%B8%B2%E0%B8%95%E0%B8%B0%E0%B9%81%E0%B8%9A%E0%B8%81/data=!4m7!3m6!1s0x311c4ab5043bd7c1:0xd0aba0858eea75b7!8m2!3d14.363792!4d101.3455216!16s%2Fg%2F1hm5zg2mh!19sChIJwdc7BLVKHDERt3XqjoWgq9A?authuser=0&hl=th&rclk=1,,,987W+G66 น้ำตกผาตะแบก ตำบล หินตั้ง อำเภอเมืองนครนายก นครนายก 26000,,,"{'1': 0, '2': 1, '3': 2, '4': 2, '5': 7}",14.363792,101.3455216
TA055,น้ำตกลานรัก,สถานที่ท่องเที่ยว,4.2,49,https://www.google.com/maps/place/%E0%B8%99%E0%B9%89%E0%B8%B3%E0%B8%95%E0%B8%81%E0%B8%A5%E0%B8%B2%E0%B8%99%E0%B8%A3%E0%B8%B1%E0%B8%81/data=!4m7!3m6!1s0x311db1e4a31a8633:0xc6eb3e356ad3deae!8m2!3d14.2899924!4d101.2488995!16s%2Fg%2F11qn8sc_1p!19sChIJM4Yao-SxHTERrt7TajU-68Y?authuser=0&hl=th&rclk=1,,,76QX+XHR น้ำตกลานรัก ตำบล สาริกา อำเภอเมืองนครนายก นครนายก 26000,,,"{'1': 0, '2': 2, '3': 11, '4': 11, '5': 25}",14.2899924,101.2488995
TA056,น้ำตกวังตะไคร้,สถานที่ท่องเที่ยว,4.3,2790,https://www.google.com/maps/place/%E0%B8%99%E0%B9%89%E0%B8%B3%E0%B8%95%E0%B8%81%E0%B8%A7%E0%B8%B1%E0%B8%87%E0%B8%95%E0%B8%B0%E0%B9%84%E0%B8%84%E0%B8%A3%E0%B9%89/data=!4m7!3m6!1s0x311db4fb9c27762b:0x873d594423497ae9!8m2!3d14.3356255!4d101.3061883!16s%2Fg%2F1hf0h_58_!19sChIJK3YnnPu0HTER6XpJI0RZPYc?authuser=0&hl=th&rclk=1,http://www.wangtakrai.com/,037 385 164,น้ำตกวังตะไคร้ ตำบล สาริกา อำเภอเมืองนครนายก นครนายก 26000,,อุทยานธรรมชาติเขียวชอุ่มนี้มีตะไคร้ ลำธาร 2 สาย น้ำตก และสวน,"{'1': 118, '2': 65, '3': 317, '4': 713, '5': 1577}",14.3356255,101.3061883
TA057,น้ำตกวังม่วง,อุทยาน,4,137,https://www.google.com/maps/place/%E0%B8%99%E0%B9%89%E0%B8%B3%E0%B8%95%E0%B8%81%E0%B8%A7%E0%B8%B1%E0%B8%87%E0%B8%A1%E0%B9%88%E0%B8%A7%E0%B8%87/data=!4m7!3m6!1s0x311c4d2cd95ca9d5:0xf2093ca38be93de8!8m2!3d14.2392348!4d101.344219!16s%2Fg%2F1tdsg6_s!19sChIJ1alc2SxNHDER6D3pi6M8CfI?authuser=0&hl=th&rclk=1,,,68QV+MMX น้ำตกวังม่วง ตำบล นาหินลาด อำเภอปากพลี นครนายก 26130,,,"{'1': 6, '2': 6, '3': 34, '4': 32, '5': 59}",14.2392348,101.344219
TA058,น้ำตกสาริกา,สถานที่ท่องเที่ยว,4.2,2597,https://www.google.com/maps/place/%E0%B8%99%E0%B9%89%E0%B8%B3%E0%B8%95%E0%B8%81%E0%B8%AA%E0%B8%B2%E0%B8%A3%E0%B8%B4%E0%B8%81%E0%B8%B2/data=!4m7!3m6!1s0x311db4038aaf0c99:0xd36eb538cf957262!8m2!3d14.3087955!4d101.2553557!16s%2Fg%2F1v4k3zxd!19sChIJmQyvigO0HTERYnKVzzi1btM?authuser=0&hl=th&rclk=1,http://www.nakon-nayok.com/sarika_waterfall.htm,,8754+G49 น้ำตกสาริกา ตำบล สาริกา อำเภอเมืองนครนายก นครนายก 26000,,สถานที่ท่องเที่ยวซึ่งมีจุดศูนย์กลางอยู่ที่น้ำตกเล็กๆ และสวยงาม มีบ่อว่ายน้ำธรรมชาติ และพื้นที่ปิกนิก,"{'1': 120, '2': 107, '3': 341, '4': 671, '5': 1358}",14.3087955,101.2553557
TA059,น้ำตกเหวกระถิน,สถานที่ท่องเที่ยว,5,1,https://www.google.com/maps/place/%E0%B8%99%E0%B9%89%E0%B8%B3%E0%B8%95%E0%B8%81%E0%B9%80%E0%B8%AB%E0%B8%A7%E0%B8%81%E0%B8%A3%E0%B8%B0%E0%B8%96%E0%B8%B4%E0%B8%99/data=!4m7!3m6!1s0x311dc95563a1e189:0x4808143ecf513a6d!8m2!3d14.37247!4d101.2093522!16s%2Fg%2F11f652r491!19sChIJieGhY1XJHTERbTpRzz4UCEg?authuser=0&hl=th&rclk=1,,,96C5+XPQ น้ำตกเหวกระถิน ตำบล สาริกา อำเภอเมืองนครนายก นครนายก 26000,,,"{'1': 0, '2': 0, '3': 0, '4': 0, '5': 1}",14.37247,101.2093522
TA060,น้ำตกเหวนรก,สถานที่ท่องเที่ยว,4.5,1727,https://www.google.com/maps/place/%E0%B8%99%E0%B9%89%E0%B8%B3%E0%B8%95%E0%B8%81%E0%B9%80%E0%B8%AB%E0%B8%A7%E0%B8%99%E0%B8%A3%E0%B8%81/data=!4m7!3m6!1s0x311c4c7ed11c4725:0x80c42cee41bfc9a1!8m2!3d14.2894364!4d101.388367!16s%2Fg%2F11bxfjs8fq!19sChIJJUcc0X5MHDERocm_Qe4sxIA?authuser=0&hl=th&rclk=1,,044 249 305,79QQ+Q8H น้ำตกเหวนรก ตำบล นาหินลาด อำเภอปากพลี นครนายก 26130,,น้ำตกที่ใหญ่ที่สุดในอุทยานแห่งชาติเขาใหญ่แห่งนี้มีทั้งหมด 3 ชั้น และเป็นที่นิยมของนักท่องเที่ยวในช่วงฤดูฝน,"{'1': 28, '2': 22, '3': 133, '4': 423, '5': 1121}",14.2894364,101.388367
TA061,บางแสน2 นครนายก,สถานที่ท่องเที่ยว,4.5,35,https://www.google.com/maps/place/%E0%B8%9A%E0%B8%B2%E0%B8%87%E0%B9%81%E0%B8%AA%E0%B8%992+%E0%B8%99%E0%B8%84%E0%B8%A3%E0%B8%99%E0%B8%B2%E0%B8%A2%E0%B8%81/data=!4m7!3m6!1s0x311da1eb6bac0c47:0x16cbd611c59c62a0!8m2!3d14.1136288!4d101.0327303!16s%2Fg%2F11k43jy988!19sChIJRwysa-uhHTERoGKcxRHWyxY?authuser=0&hl=th&rclk=1,,098 824 5180,303 บางแสน2 นครนายก ตำบล ทรายมูล อำเภอองครักษ์ นครนายก 26120,,,"{'1': 1, '2': 0, '3': 5, '4': 5, '5': 24}",14.1136288,101.0327303
TA062,บ้านคลองศาลเจ้า,สถานที่ท่องเที่ยว,5,3,https://www.google.com/maps/place/%E0%B8%9A%E0%B9%89%E0%B8%B2%E0%B8%99%E0%B8%84%E0%B8%A5%E0%B8%AD%E0%B8%87%E0%B8%A8%E0%B8%B2%E0%B8%A5%E0%B9%80%E0%B8%88%E0%B9%89%E0%B8%B2/data=!4m7!3m6!1s0x311da3ade981ab49:0x5604afcb98dc66ba!8m2!3d14.1253004!4d101.0242393!16s%2Fg%2F11srd1ld3r!19sChIJSauB6a2jHTERumbcmMuvBFY?authuser=0&hl=th&rclk=1,,089 529 1823,42GF+4MH บ้านคลองศาลเจ้า ตำบล ทรายมูล อำเภอองครักษ์ นครนายก 26120,,,"{'1': 0, '2': 0, '3': 0, '4': 0, '5': 3}",14.1253004,101.0242393
TA063,บ้านนา หน้าลอย,กรมส่งเสริมการท่องเที่ยวในท้องถิ่น,,,https://www.google.com/maps/place/%E0%B8%9A%E0%B9%89%E0%B8%B2%E0%B8%99%E0%B8%99%E0%B8%B2+%E0%B8%AB%E0%B8%99%E0%B9%89%E0%B8%B2%E0%B8%A5%E0%B8%AD%E0%B8%A2/data=!4m7!3m6!1s0x311dbdc30dd5c207:0xa6340b1e121cb4e4!8m2!3d14.26311!4d101.0590921!16s%2Fg%2F11fr36ql9n!19sChIJB8LVDcO9HTER5LQcEh4LNKY?authuser=0&hl=th&rclk=1,,,7375+6JW บ้านนา หน้าลอย ตำบล บ้านนา อำเภอบ้านนา นครนายก 26110,,,"{'1': None, '2': None, '3': None, '4': None, '5': None}",14.26311,101.0590921
TA064,บึงบัวเเดง,สถานที่ท่องเที่ยว,4.8,5,https://www.google.com/maps/place/%E0%B8%9A%E0%B8%B6%E0%B8%87%E0%B8%9A%E0%B8%B1%E0%B8%A7%E0%B9%80%E0%B9%80%E0%B8%94%E0%B8%87/data=!4m7!3m6!1s0x311dbb7504475333:0xaf0c0eb1e0d8571a!8m2!3d14.2148163!4d101.1316348!16s%2Fg%2F11qnkghddy!19sChIJM1NHBHW7HTERGlfY4LEODK8?authuser=0&hl=th&rclk=1,,092 728 0723,บึงบัวเเดง 90 หมู่ 10 ตำบล บ้านพร้าว อำเภอบ้านนา นครนายก 26110,,,"{'1': 0, '2': 0, '3': 0, '4': 1, '5': 4}",14.2148163,101.1316348
TA065,โบราณสถานดงละคร,,4.2,93,https://www.google.com/maps/place/%E0%B9%82%E0%B8%9A%E0%B8%A3%E0%B8%B2%E0%B8%93%E0%B8%AA%E0%B8%96%E0%B8%B2%E0%B8%99%E0%B8%94%E0%B8%87%E0%B8%A5%E0%B8%B0%E0%B8%84%E0%B8%A3/data=!4m7!3m6!1s0x311daf7ec9df3c07:0x677e198dae833a3c!8m2!3d14.1591953!4d101.1670802!16s%2Fg%2F1hm2rfx50!19sChIJBzzfyX6vHTERPDqDro0Zfmc?authuser=0&hl=th&rclk=1,,,5558+MRG โบราณสถานดงละคร ตำบล ดงละคร อำเภอเมืองนครนายก นครนายก 26000,,,"{'1': 1, '2': 6, '3': 13, '4': 23, '5': 50}",14.1591953,101.1670802
TA066,โบสถ์เก่าวัดป่ากระทุ่ม 200 กว่าปี,สถานที่ท่องเที่ยว,4.6,160,https://www.google.com/maps/place/%E0%B9%82%E0%B8%9A%E0%B8%AA%E0%B8%96%E0%B9%8C%E0%B9%80%E0%B8%81%E0%B9%88%E0%B8%B2%E0%B8%A7%E0%B8%B1%E0%B8%94%E0%B8%9B%E0%B9%88%E0%B8%B2%E0%B8%81%E0%B8%A3%E0%B8%B0%E0%B8%97%E0%B8%B8%E0%B9%88%E0%B8%A1+200+%E0%B8%81%E0%B8%A7%E0%B9%88%E0%B8%B2%E0%B8%9B%E0%B8%B5/data=!4m7!3m6!1s0x311dbbdfaa22e33d:0x4812ba78a749cd0f!8m2!3d14.2240163!4d101.133432!16s%2Fg%2F11ffh07zw3!19sChIJPeMiqt-7HTERD81Jp3i6Ekg?authuser=0&hl=th&rclk=1,,086 835 8667,64FM+J93 โบสถ์เก่าวัดป่ากระทุ่ม 200 กว่าปี ตำบล พรหมณี อำเภอเมืองนครนายก นครนายก 26000,,,"{'1': 0, '2': 1, '3': 17, '4': 23, '5': 119}",14.2240163,101.133432
TA067,โป่งทุ่งกวาง,สถานที่ท่องเที่ยว,4.7,75,https://www.google.com/maps/place/%E0%B9%82%E0%B8%9B%E0%B9%88%E0%B8%87%E0%B8%97%E0%B8%B8%E0%B9%88%E0%B8%87%E0%B8%81%E0%B8%A7%E0%B8%B2%E0%B8%87/data=!4m7!3m6!1s0x311c351a288ef5b3:0x462ee0fb2a519978!8m2!3d14.4196556!4d101.3716848!16s%2Fg%2F1hm5vmqlk!19sChIJs_WOKBo1HDEReJlRKvvgLkY?authuser=0&hl=th&rclk=1,,,C99C+VM7 โป่งทุ่งกวาง ตำบล หินตั้ง อำเภอเมืองนครนายก นครนายก 26000,,,"{'1': 0, '2': 0, '3': 4, '4': 11, '5': 60}",14.4196556,101.3716848
TA068,ผาเดียวดาย,สถานที่ท่องเที่ยว,4.7,214,https://www.google.com/maps/place/%E0%B8%9C%E0%B8%B2%E0%B9%80%E0%B8%94%E0%B8%B5%E0%B8%A2%E0%B8%A7%E0%B8%94%E0%B8%B2%E0%B8%A2/data=!4m7!3m6!1s0x311c4be81487b261:0x643f8057907667d6!8m2!3d14.366754!4d101.405487!16s%2Fg%2F11fmh6kb8g!19sChIJYbKHFOhLHDER1md2kFeAP2Q?authuser=0&hl=th&rclk=1,,,"9C84+P55 ผาเดียวดาย Unnamed Road, ตำบล หินตั้ง อำเภอปากพลี นครนายก 26000",,,"{'1': 2, '2': 0, '3': 8, '4': 42, '5': 162}",14.366754,101.405487
TA069,ผาตรอมใจ,สถานที่ท่องเที่ยว,4.6,1914,https://www.google.com/maps/place/%E0%B8%9C%E0%B8%B2%E0%B8%95%E0%B8%A3%E0%B8%AD%E0%B8%A1%E0%B9%83%E0%B8%88/data=!4m7!3m6!1s0x311c4af2facc3599:0xa4f585e105269237!8m2!3d14.3657799!4d101.4004689!16s%2Fg%2F11cjq9fm4b!19sChIJmTXM-vJKHDERN5ImBeGF9aQ?authuser=0&hl=th&rclk=1,,,"9C82+859 ผาตรอมใจ เขาเขียว, อุทยานแห่งชาติเขาใหญ่ ตำบล หินตั้ง อำเภอเมืองนครนายก นครนายก 26000",,,"{'1': 21, '2': 16, '3': 96, '4': 394, '5': 1387}",14.3657799,101.4004689
TA070,ฝายวังยายฉิม&แคมป์ปิ้ง,สถานที่ท่องเที่ยว,4.5,118,https://www.google.com/maps/place/%E0%B8%9D%E0%B8%B2%E0%B8%A2%E0%B8%A7%E0%B8%B1%E0%B8%87%E0%B8%A2%E0%B8%B2%E0%B8%A2%E0%B8%89%E0%B8%B4%E0%B8%A1%26%E0%B9%81%E0%B8%84%E0%B8%A1%E0%B8%9B%E0%B9%8C%E0%B8%9B%E0%B8%B4%E0%B9%89%E0%B8%87/data=!4m7!3m6!1s0x311db3c6af689daf:0xf13bd0b2e7916a28!8m2!3d14.2636204!4d101.2795388!16s%2Fg%2F11h6k4zp3d!19sChIJr51or8azHTERKGqR57LQO_E?authuser=0&hl=th&rclk=1,https://m.facebook.com/pages/category/Shopping---Retail/%E0%B8%9D%E0%B8%B2%E0%B8%A2%E0%B8%A7%E0%B8%B1%E0%B8%87%E0%B8%A2%E0%B8%B2%E0%B8%A2%E0%B8%89%E0%B8%B4%E0%B8%A1%E0%B9%81%E0%B8%84%E0%B9%89%E0%B8%A1%E0%B8%9B%E0%B9%8C%E0%B8%9B%E0%B8%B4%E0%B9%89%E0%B8%87-125677558832857/,065 681 4654,ฝายวังยายฉิม&แคมป์ปิ้ง เลขที่ 106/4 หมู่ 6 หมู่บ้าน - ซอย - ถนน ตำบล หินตั้ง อำเภอเมืองนครนายก นครนายก 26000,,,"{'1': 2, '2': 1, '3': 9, '4': 26, '5': 80}",14.2636204,101.2795388
TA071,พ.ฟาร์ม นครนายก,ศูนย์พืชสวน,3.4,233,https://www.google.com/maps/place/%E0%B8%9E.%E0%B8%9F%E0%B8%B2%E0%B8%A3%E0%B9%8C%E0%B8%A1+%E0%B8%99%E0%B8%84%E0%B8%A3%E0%B8%99%E0%B8%B2%E0%B8%A2%E0%B8%81/data=!4m7!3m6!1s0x311db88bf43cc629:0xa1d7015a450fe74a!8m2!3d14.3782482!4d101.1112772!16s%2Fg%2F11cm9bnqxq!19sChIJKcY89Iu4HTERSucPRVoB16E?authuser=0&hl=th&rclk=1,https://www.facebook.com/porfarm,,พ.ฟาร์ม นครนายก ตำบล เขาเพิ่ม อำเภอบ้านนา นครนายก 26110,,,"{'1': 28, '2': 22, '3': 63, '4': 63, '5': 57}",14.3782482,101.1112772
TA072,พระมหาวิหาร,อนุสรณ์สถาน,5,3,https://www.google.com/maps/place/%E0%B8%9E%E0%B8%A3%E0%B8%B0%E0%B8%A1%E0%B8%AB%E0%B8%B2%E0%B8%A7%E0%B8%B4%E0%B8%AB%E0%B8%B2%E0%B8%A3/data=!4m7!3m6!1s0x311db1df6f00c1cf:0xa1b118822ca22622!8m2!3d14.2076209!4d101.2259856!16s%2Fg%2F1hm2r8_wc!19sChIJz8EAb9-xHTERIiaiLIIYsaE?authuser=0&hl=th&rclk=1,,,665G+29X พระมหาวิหาร อำเภอเมืองนครนายก นครนายก 26000,,,"{'1': 0, '2': 0, '3': 0, '4': 0, '5': 3}",14.2076209,101.2259856
TA073,พิพิธภัณฑ์ อาคาร รร.จปร.100 ปี,พิพิธภัณฑ์กองทัพ,4.6,65,https://www.google.com/maps/place/%E0%B8%9E%E0%B8%B4%E0%B8%9E%E0%B8%B4%E0%B8%98%E0%B8%A0%E0%B8%B1%E0%B8%93%E0%B8%91%E0%B9%8C+%E0%B8%AD%E0%B8%B2%E0%B8%84%E0%B8%B2%E0%B8%A3+%E0%B8%A3%E0%B8%A3.%E0%B8%88%E0%B8%9B%E0%B8%A3.100+%E0%B8%9B%E0%B8%B5/data=!4m7!3m6!1s0x311db0aa54f54afd:0xa74f067ae2425725!8m2!3d14.2982314!4d101.1643893!16s%2Fg%2F11cjnnlk2m!19sChIJ_Ur1VKqwHTERJVdC4noGT6c?authuser=0&hl=th&rclk=1,http://www.tourismcrma.com/NP-33084-%E0%B8%9E%E0%B8%B4%E0%B8%9E%E0%B8%B4%E0%B8%98%E0%B8%A0%E0%B8%B1%E0%B8%93%E0%B8%91%E0%B9%8C%E0%B8%AD%E0%B8%B2%E0%B8%84%E0%B8%B2%E0%B8%A3100%E0%B8%9B%E0%B8%B5.html,037 393 010,75X7+7QR พิพิธภัณฑ์ อาคาร รร.จปร.100 ปี ตำบล พรหมณี อำเภอเมืองนครนายก นครนายก 26000,,,"{'1': 1, '2': 0, '3': 6, '4': 11, '5': 47}",14.2982314,101.1643893
TA074,พุทธสถาน จีเต็กลิ้ม,สถานที่บูชาทางศาสนา,4.6,598,https://www.google.com/maps/place/%E0%B8%9E%E0%B8%B8%E0%B8%97%E0%B8%98%E0%B8%AA%E0%B8%96%E0%B8%B2%E0%B8%99+%E0%B8%88%E0%B8%B5%E0%B9%80%E0%B8%95%E0%B9%87%E0%B8%81%E0%B8%A5%E0%B8%B4%E0%B9%89%E0%B8%A1/data=!4m7!3m6!1s0x311da81d8c461175:0x654f02fbb77c20b6!8m2!3d14.0272016!4d101.1762443!16s%2Fg%2F1hm35th7s!19sChIJdRFGjB2oHTERtiB8t_sCT2U?authuser=0&hl=th&rclk=1,https://www.facebook.com/JeeTekLim/,081 815 1745,25GG+VFQ พุทธสถาน จีเต็กลิ้ม ตำบล ศรีจุฬา อำเภอเมืองนครนายก นครนายก 26000,,,"{'1': 8, '2': 8, '3': 40, '4': 129, '5': 413}",14.0272016,101.1762443
TA075,พุทธอุทยานมาฆบูชาอนุสรณ์ สวนพุทธชยันตี นครนายก,สถานที่บูชาทางศาสนา,4.4,603,https://www.google.com/maps/place/%E0%B8%9E%E0%B8%B8%E0%B8%97%E0%B8%98%E0%B8%AD%E0%B8%B8%E0%B8%97%E0%B8%A2%E0%B8%B2%E0%B8%99%E0%B8%A1%E0%B8%B2%E0%B8%86%E0%B8%9A%E0%B8%B9%E0%B8%8A%E0%B8%B2%E0%B8%AD%E0%B8%99%E0%B8%B8%E0%B8%AA%E0%B8%A3%E0%B8%93%E0%B9%8C+%E0%B8%AA%E0%B8%A7%E0%B8%99%E0%B8%9E%E0%B8%B8%E0%B8%97%E0%B8%98%E0%B8%8A%E0%B8%A2%E0%B8%B1%E0%B8%99%E0%B8%95%E0%B8%B5+%E0%B8%99%E0%B8%84%E0%B8%A3%E0%B8%99%E0%B8%B2%E0%B8%A2%E0%B8%81/data=!4m7!3m6!1s0x311db40be186d285:0xab40cad08e5529ce!8m2!3d14.3017769!4d101.2695392!16s%2Fg%2F11b62yc8b0!19sChIJhdKG4Qu0HTERzilVjtDKQKs?authuser=0&hl=th&rclk=1,,080 033 4488,380 พุทธอุทยานมาฆบูชาอนุสรณ์ สวนพุทธชยันตี นครนายก ตำบล สาริกา อำเภอเมืองนครนายก นครนายก 26000,,,"{'1': 4, '2': 5, '3': 84, '4': 174, '5': 336}",14.3017769,101.2695392
TA076,ฟาร์มแกะ นครนายก,ร้านกาแฟ,4,844,https://www.google.com/maps/place/%E0%B8%9F%E0%B8%B2%E0%B8%A3%E0%B9%8C%E0%B8%A1%E0%B9%81%E0%B8%81%E0%B8%B0+%E0%B8%99%E0%B8%84%E0%B8%A3%E0%B8%99%E0%B8%B2%E0%B8%A2%E0%B8%81/data=!4m7!3m6!1s0x311db180b25d66dd:0xf8febf10b97b08ba!8m2!3d14.245878!4d101.2515188!16s%2Fg%2F11cjnnd6rr!19sChIJ3WZdsoCxHTERugh7uRC__vg?authuser=0&hl=th&rclk=1,,095 919 9159,"ฟาร์มแกะ นครนายก 10, 118, ตำบล สาริกา อำเภอเมืองนครนายก นครนายก 26000",,,"{'1': 42, '2': 37, '3': 143, '4': 264, '5': 358}",14.245878,101.2515188
TA077,ฟาร์มเห็ด มินศรี,สถานที่ท่องเที่ยว,4.8,8,https://www.google.com/maps/place/%E0%B8%9F%E0%B8%B2%E0%B8%A3%E0%B9%8C%E0%B8%A1%E0%B9%80%E0%B8%AB%E0%B9%87%E0%B8%94+%E0%B8%A1%E0%B8%B4%E0%B8%99%E0%B8%A8%E0%B8%A3%E0%B8%B5/data=!4m7!3m6!1s0x311d9fc576efc845:0x91dda349014c0f8f!8m2!3d14.1123153!4d100.9587627!16s%2Fg%2F11fjszj26z!19sChIJRcjvdsWfHTERjw9MAUmj3ZE?authuser=0&hl=th&rclk=1,,,ฟาร์มเห็ด มินศรี 89 หมู่ 6 ต ตำบล ชุมพล อำเภอองครักษ์ นครนายก,,,"{'1': 0, '2': 0, '3': 0, '4': 2, '5': 6}",14.1123153,100.9587627
TA078,มัสยิดสิมารักษ์ (มัสยิดอัลคอยร๊อต),มัสยิด,4.7,35,https://www.google.com/maps/place/%E0%B8%A1%E0%B8%B1%E0%B8%AA%E0%B8%A2%E0%B8%B4%E0%B8%94%E0%B8%AA%E0%B8%B4%E0%B8%A1%E0%B8%B2%E0%B8%A3%E0%B8%B1%E0%B8%81%E0%B8%A9%E0%B9%8C+%28%E0%B8%A1%E0%B8%B1%E0%B8%AA%E0%B8%A2%E0%B8%B4%E0%B8%94%E0%B8%AD%E0%B8%B1%E0%B8%A5%E0%B8%84%E0%B8%AD%E0%B8%A2%E0%B8%A3%E0%B9%8A%E0%B8%AD%E0%B8%95%29/data=!4m7!3m6!1s0x311d9fe7c448f185:0xfab861e26619cf18!8m2!3d14.0525492!4d100.9601516!16s%2Fg%2F1tgc6_cb!19sChIJhfFIxOefHTERGM8ZZuJhuPo?authuser=0&hl=th&rclk=1,,,3X36+236 มัสยิดสิมารักษ์ (มัสยิดอัลคอยร๊อต) ตำบล ศีรษะกระบือ อำเภอองครักษ์ นครนายก 26120,,,"{'1': 1, '2': 1, '3': 0, '4': 4, '5': 29}",14.0525492,100.9601516
TA079,เมืองโบราณดงละคร,สถานที่สำคัญทางประวัติศาสตร์,4.2,197,https://www.google.com/maps/place/%E0%B9%80%E0%B8%A1%E0%B8%B7%E0%B8%AD%E0%B8%87%E0%B9%82%E0%B8%9A%E0%B8%A3%E0%B8%B2%E0%B8%93%E0%B8%94%E0%B8%87%E0%B8%A5%E0%B8%B0%E0%B8%84%E0%B8%A3/data=!4m7!3m6!1s0x311daf792c5b721f:0x4e82271966cbf658!8m2!3d14.1592255!4d101.1670919!16s%2Fg%2F122_skh9!19sChIJH3JbLHmvHTERWPbLZhkngk4?authuser=0&hl=th&rclk=1,,095 529 2535,เมืองโบราณดงละคร 2010 ซอย พาณิชย์เจริญ 3 ตำบล ดงละคร อำเภอเมืองนครนายก นครนายก 26000,,,"{'1': 11, '2': 1, '3': 33, '4': 37, '5': 115}",14.1592255,101.1670919
TA080,รร.จปร.,สถานที่ท่องเที่ยว,5,2,https://www.google.com/maps/place/%E0%B8%A3%E0%B8%A3.%E0%B8%88%E0%B8%9B%E0%B8%A3./data=!4m7!3m6!1s0x311db1d051bb9adb:0x3e9ac332a3b6f7fa!8m2!3d14.2818689!4d101.1641822!16s%2Fg%2F11sjhhc5xp!19sChIJ25q7UdCxHTER-ve2ozLDmj4?authuser=0&hl=th&rclk=1,,,75J7+PMV รร.จปร. ตำบล พรหมณี อำเภอเมืองนครนายก นครนายก 26000,,,"{'1': 0, '2': 0, '3': 0, '4': 0, '5': 2}",14.2818689,101.1641822
TA081,รอยพระพุทธบาทจำลองเขานางบวช,วัด,4.4,28,https://www.google.com/maps/place/%E0%B8%A3%E0%B8%AD%E0%B8%A2%E0%B8%9E%E0%B8%A3%E0%B8%B0%E0%B8%9E%E0%B8%B8%E0%B8%97%E0%B8%98%E0%B8%9A%E0%B8%B2%E0%B8%97%E0%B8%88%E0%B8%B3%E0%B8%A5%E0%B8%AD%E0%B8%87%E0%B9%80%E0%B8%82%E0%B8%B2%E0%B8%99%E0%B8%B2%E0%B8%87%E0%B8%9A%E0%B8%A7%E0%B8%8A/data=!4m7!3m6!1s0x311db23450ad2637:0x61cfcb8dcd588ca6!8m2!3d14.2471198!4d101.2715353!16s%2Fg%2F11b69g28fv!19sChIJNyatUDSyHTERpoxYzY3Lz2E?authuser=0&hl=th&rclk=1,,,"รอยพระพุทธบาทจำลองเขานางบวช 26000, สาริกา, เมืองนครนายก, 26000",,,"{'1': 0, '2': 0, '3': 6, '4': 5, '5': 17}",14.2471198,101.2715353
TA082,เรือนระภา นวดแผนไทย,นักกิจกรรมบำบัด,,,https://www.google.com/maps/place/%E0%B9%80%E0%B8%A3%E0%B8%B7%E0%B8%AD%E0%B8%99%E0%B8%A3%E0%B8%B0%E0%B8%A0%E0%B8%B2+%E0%B8%99%E0%B8%A7%E0%B8%94%E0%B9%81%E0%B8%9C%E0%B8%99%E0%B9%84%E0%B8%97%E0%B8%A2/data=!4m7!3m6!1s0x311db1a88342f6cf:0xd1f29431588ed504!8m2!3d14.2392402!4d101.246093!16s%2Fg%2F11pb0nxwff!19sChIJz_ZCg6ixHTERBNWOWDGU8tE?authuser=0&hl=th&rclk=1,,084 457 9632,เรือนระภา นวดแผนไทย 53/22 ตำบล สาริกา อำเภอเมืองนครนายก นครนายก 26000,,,"{'1': None, '2': None, '3': None, '4': None, '5': None}",14.2392402,101.246093
TA083,ไร่ดอกเหงื่อ นครนายก,สถานที่ท่องเที่ยว,,,https://www.google.com/maps/place/%E0%B9%84%E0%B8%A3%E0%B9%88%E0%B8%94%E0%B8%AD%E0%B8%81%E0%B9%80%E0%B8%AB%E0%B8%87%E0%B8%B7%E0%B9%88%E0%B8%AD+%E0%B8%99%E0%B8%84%E0%B8%A3%E0%B8%99%E0%B8%B2%E0%B8%A2%E0%B8%81/data=!4m7!3m6!1s0x311c4d1660e130dd:0xd02617a7a508e3f1!8m2!3d14.2385846!4d101.3562221!16s%2Fg%2F11qbxy51rj!19sChIJ3TDhYBZNHDER8eMIpacXJtA?authuser=0&hl=th&rclk=1,,095 491 1217,ไร่ดอกเหงื่อ นครนายก อ่างเก็บน้ำคลองกลาง ตำบล นาหินลาด อำเภอปากพลี นครนายก 26130,,,"{'1': None, '2': None, '3': None, '4': None, '5': None}",14.2385846,101.3562221
TA084,ลานกางเต็นท์ Here Ped,สถานที่ท่องเที่ยว,,,https://www.google.com/maps/place/%E0%B8%A5%E0%B8%B2%E0%B8%99%E0%B8%81%E0%B8%B2%E0%B8%87%E0%B9%80%E0%B8%95%E0%B9%87%E0%B8%99%E0%B8%97%E0%B9%8C+Here+Ped/data=!4m7!3m6!1s0x311daf116c58bc23:0x7d22814053ef6fad!8m2!3d14.1939195!4d101.1664484!16s%2Fg%2F11js0vl3cp!19sChIJI7xYbBGvHTERrW_vU0CBIn0?authuser=0&hl=th&rclk=1,,064 645 6396,ลานกางเต็นท์ Here Ped ซอยกร่างพัฒนา ตำบล ท่าช้าง อำเภอเมืองนครนายก นครนายก 26000,,,"{'1': None, '2': None, '3': None, '4': None, '5': None}",14.1939195,101.1664484
TA085,ลานกางเต็นท์เขาใหญ่,สถานที่ท่องเที่ยว,4.7,32,https://www.google.com/maps/place/%E0%B8%A5%E0%B8%B2%E0%B8%99%E0%B8%81%E0%B8%B2%E0%B8%87%E0%B9%80%E0%B8%95%E0%B9%87%E0%B8%99%E0%B8%97%E0%B9%8C%E0%B9%80%E0%B8%82%E0%B8%B2%E0%B9%83%E0%B8%AB%E0%B8%8D%E0%B9%88/data=!4m7!3m6!1s0x311c357176cf0589:0x7d363258ae46a422!8m2!3d14.4333594!4d101.372925!16s%2Fg%2F11h7ft2pxj!19sChIJiQXPdnE1HDERIqRGrlgyNn0?authuser=0&hl=th&rclk=1,https://www.facebook.com/KhaoYaiNationalPark1962/?mibextid=ZbWKwL,086 092 6529,C9MF+85V ลานกางเต็นท์เขาใหญ่ ตำบล หินตั้ง อำเภอเมืองนครนายก นครนายก 26000,,,"{'1': 0, '2': 0, '3': 3, '4': 3, '5': 26}",14.4333594,101.372925
TA086,วังบอน,ทะเลสาบ,4.4,67,https://www.google.com/maps/place/%E0%B8%A7%E0%B8%B1%E0%B8%87%E0%B8%9A%E0%B8%AD%E0%B8%99/data=!4m7!3m6!1s0x311c4d04570a6887:0xaea6a23e59d22aba!8m2!3d14.2373722!4d101.3792777!16s%2Fg%2F1hm40z9wk!19sChIJh2gKVwRNHDERuirSWT6ipq4?authuser=0&hl=th&rclk=1,,,วังบอน,,,"{'1': 1, '2': 1, '3': 5, '4': 24, '5': 36}",14.2373722,101.3792777
TA087,วัง​ยาว​ดาวกระจาย​,สถานที่ท่องเที่ยว,4.1,141,https://www.google.com/maps/place/%E0%B8%A7%E0%B8%B1%E0%B8%87%E2%80%8B%E0%B8%A2%E0%B8%B2%E0%B8%A7%E2%80%8B%E0%B8%94%E0%B8%B2%E0%B8%A7%E0%B8%81%E0%B8%A3%E0%B8%B0%E0%B8%88%E0%B8%B2%E0%B8%A2%E2%80%8B/data=!4m7!3m6!1s0x311db32a198934e1:0xf92a3703ac19f55d!8m2!3d14.2727433!4d101.2739236!16s%2Fg%2F11h0r7023w!19sChIJ4TSJGSqzHTERXfUZrAM3Kvk?authuser=0&hl=th&rclk=1,,097 296 2963,"77FF+3HV วัง​ยาว​ดาวกระจาย​, ตำบล สาริกา อำเภอเมืองนครนายก นครนายก 26000",,,"{'1': 4, '2': 8, '3': 24, '4': 33, '5': 72}",14.2727433,101.2739236
TA088,วัดเขาชะโงก,วัด,4.6,129,https://www.google.com/maps/place/%E0%B8%A7%E0%B8%B1%E0%B8%94%E0%B9%80%E0%B8%82%E0%B8%B2%E0%B8%8A%E0%B8%B0%E0%B9%82%E0%B8%87%E0%B8%81/data=!4m7!3m6!1s0x311db9f8e610c4e3:0x61524143491e37e5!8m2!3d14.3029674!4d101.1544397!16s%2Fg%2F1hm6lffnn!19sChIJ48QQ5vi5HTER5TceSUNBUmE?authuser=0&hl=th&rclk=1,,089 934 9000,8533+5QP วัดเขาชะโงก ภายในโรงเรียนนายร้อยพระจุลจอมเกล้า ถ. สุวรรณศร ตำบล พรหมณี อำเภอเมืองนครนายก นครนายก 26001,,,"{'1': 2, '2': 0, '3': 5, '4': 39, '5': 83}",14.3029674,101.1544397
TA089,วัดเขาแดง นครนายก,วัด,4.3,172,https://www.google.com/maps/place/%E0%B8%A7%E0%B8%B1%E0%B8%94%E0%B9%80%E0%B8%82%E0%B8%B2%E0%B9%81%E0%B8%94%E0%B8%87+%E0%B8%99%E0%B8%84%E0%B8%A3%E0%B8%99%E0%B8%B2%E0%B8%A2%E0%B8%81/data=!4m7!3m6!1s0x311db3d824747345:0x66265cced924fcca!8m2!3d14.2631333!4d101.2541713!16s%2Fg%2F1td8wl1x!19sChIJRXN0JNizHTERyvwk2c5cJmY?authuser=0&hl=th&rclk=1,https://www.facebook.com/watkhoadaang/?locale=th_TH,,วัดเขาแดง นครนายก วัดเขาแดง หมู่ที่ ๑๑ ตำบลสาริกา ( เดิมเรียกตำบลบ้านบุ่ง ) อำเภอเมือง ตำบล นครนายก นครนายก,,,"{'1': 5, '2': 3, '3': 29, '4': 37, '5': 98}",14.2631333,101.2541713
TA090,วัดเขาทุเรียน (วัดสีชมพู),วัด,4.4,683,https://www.google.com/maps/place/%E0%B8%A7%E0%B8%B1%E0%B8%94%E0%B9%80%E0%B8%82%E0%B8%B2%E0%B8%97%E0%B8%B8%E0%B9%80%E0%B8%A3%E0%B8%B5%E0%B8%A2%E0%B8%99+%28%E0%B8%A7%E0%B8%B1%E0%B8%94%E0%B8%AA%E0%B8%B5%E0%B8%8A%E0%B8%A1%E0%B8%9E%E0%B8%B9%29/data=!4m7!3m6!1s0x311db1731571b02d:0x50e0b85db2181f37!8m2!3d14.2604141!4d101.2319447!16s%2Fg%2F11d_71bydn!19sChIJLbBxFXOxHTERNx8Ysl244FA?authuser=0&hl=th&rclk=1,https://www.paiduaykan.com/travel/%E0%B8%A7%E0%B8%B1%E0%B8%94%E0%B9%80%E0%B8%82%E0%B8%B2%E0%B8%97%E0%B8%B8%E0%B9%80%E0%B8%A3%E0%B8%B5%E0%B8%A2%E0%B8%99,089 644 3626,766J+5Q8 วัดเขาทุเรียน (วัดสีชมพู) ตำบล เขาพระ อำเภอเมืองนครนายก นครนายก 26000,,,"{'1': 17, '2': 10, '3': 71, '4': 197, '5': 388}",14.2604141,101.2319447
TA091,วัดเขาพระ นครนายก,วัด,4.5,158,https://www.google.com/maps/place/%E0%B8%A7%E0%B8%B1%E0%B8%94%E0%B9%80%E0%B8%82%E0%B8%B2%E0%B8%9E%E0%B8%A3%E0%B8%B0+%E0%B8%99%E0%B8%84%E0%B8%A3%E0%B8%99%E0%B8%B2%E0%B8%A2%E0%B8%81/data=!4m7!3m6!1s0x311db1a68cbef86b:0x755731cd8b878bb5!8m2!3d14.2483845!4d101.2216403!16s%2Fg%2F11f4l92rzc!19sChIJa_i-jKaxHTERtYuHi80xV3U?authuser=0&hl=th&rclk=1,https://www.facebook.com/%E0%B8%A7%E0%B8%B1%E0%B8%94%E0%B9%80%E0%B8%82%E0%B8%B2%E0%B8%9E%E0%B8%A3%E0%B8%B0-519476908126774/,,"66XC+9M2 วัดเขาพระ นครนายก, ตำบล เขาพระ อำเภอเมืองนครนายก นครนายก 26000",,,"{'1': 3, '2': 1, '3': 14, '4': 38, '5': 102}",14.2483845,101.2216403
TA092,วัดเขาส่องกล้อง,วัด,4.5,53,https://www.google.com/maps/place/%E0%B8%A7%E0%B8%B1%E0%B8%94%E0%B9%80%E0%B8%82%E0%B8%B2%E0%B8%AA%E0%B9%88%E0%B8%AD%E0%B8%87%E0%B8%81%E0%B8%A5%E0%B9%89%E0%B8%AD%E0%B8%87/data=!4m7!3m6!1s0x311db8656c8a7bc3:0xd64997f907d86766!8m2!3d14.3815097!4d101.1267602!16s%2Fg%2F1hdztvpq_!19sChIJw3uKbGW4HTERZmfYB_mXSdY?authuser=0&hl=th&rclk=1,,,94JG+JP2 วัดเขาส่องกล้อง ตำบล เขาเพิ่ม อำเภอบ้านนา นครนายก 26110,,,"{'1': 1, '2': 1, '3': 3, '4': 15, '5': 33}",14.3815097,101.1267602
TA093,วัดเขาสามหลั่น,วัด,5,14,https://www.google.com/maps/place/%E0%B8%A7%E0%B8%B1%E0%B8%94%E0%B9%80%E0%B8%82%E0%B8%B2%E0%B8%AA%E0%B8%B2%E0%B8%A1%E0%B8%AB%E0%B8%A5%E0%B8%B1%E0%B9%88%E0%B8%99/data=!4m7!3m6!1s0x311db8afb9b889bd:0x1aaaa16c141f45f1!8m2!3d14.3871415!4d101.0804589!16s%2Fg%2F1pzpmpt73!19sChIJvYm4ua-4HTER8UUfFGyhqho?authuser=0&hl=th&rclk=1,,081 822 6785,วัดเขาสามหลั่น หมู่ที่ 7 21 ตำบล เขาเพิ่ม อำเภอบ้านนา นครนายก 26110,,,"{'1': 0, '2': 0, '3': 0, '4': 0, '5': 14}",14.3871415,101.0804589
TA094,วัดคีรีวัน,วัด,4.5,622,https://www.google.com/maps/place/%E0%B8%A7%E0%B8%B1%E0%B8%94%E0%B8%84%E0%B8%B5%E0%B8%A3%E0%B8%B5%E0%B8%A7%E0%B8%B1%E0%B8%99/data=!4m7!3m6!1s0x311db24a6c5b6cbb:0xe705b2cfb27fbbbe!8m2!3d14.2480296!4d101.2756285!16s%2Fg%2F1tflzy8y!19sChIJu2xbbEqyHTERvrt_ss-yBec?authuser=0&hl=th&rclk=1,,096 123 6022,67XG+676 วัดคีรีวัน ตำบล ศรีนาวา อำเภอเมืองนครนายก นครนายก 26000,,,"{'1': 5, '2': 5, '3': 70, '4': 158, '5': 384}",14.2480296,101.2756285
TA095,วัดจุฬาภรณ์วนาราม นครนายก,วัด,4.4,3375,https://www.google.com/maps/place/%E0%B8%A7%E0%B8%B1%E0%B8%94%E0%B8%88%E0%B8%B8%E0%B8%AC%E0%B8%B2%E0%B8%A0%E0%B8%A3%E0%B8%93%E0%B9%8C%E0%B8%A7%E0%B8%99%E0%B8%B2%E0%B8%A3%E0%B8%B2%E0%B8%A1+%E0%B8%99%E0%B8%84%E0%B8%A3%E0%B8%99%E0%B8%B2%E0%B8%A2%E0%B8%81/data=!4m7!3m6!1s0x311dbc4ed35468cb:0x27cace907716bf50!8m2!3d14.2785189!4d101.0325697!16s%2Fg%2F11b7cst4sh!19sChIJy2hU0068HTERUL8Wd5DOyic?authuser=0&hl=th&rclk=1,https://www.facebook.com/watchula/?mibextid=ZbWKwL,080 011 3791,72HM+C24 วัดจุฬาภรณ์วนาราม นครนายก ตำบล บ้านพริก อำเภอบ้านนา นครนายก 26110,,โถงสวดมนต์ที่ตกแต่งด้วยสีแดงและสีทองอย่างวิจิตรงดงาม เข้าถึงได้ด้วยทางเดินที่ทอดยาวผ่านอุโมงค์ต้นไผ่ขนาดใหญ่,"{'1': 40, '2': 47, '3': 369, '4': 1044, '5': 1875}",14.2785189,101.0325697
TA096,วัดช้าง,วัด,4.5,217,https://www.google.com/maps/place/%E0%B8%A7%E0%B8%B1%E0%B8%94%E0%B8%8A%E0%B9%89%E0%B8%B2%E0%B8%87/data=!4m7!3m6!1s0x311dbc80a6448803:0x3977ac11c21c88e4!8m2!3d14.2592918!4d101.0664715!16s%2Fg%2F1tvm06pr!19sChIJA4hEpoC8HTER5IgcwhGsdzk?authuser=0&hl=th&rclk=1,,,วัดช้าง 366 เทศบาล 4 ซอย 1 อำเภอบ้านนา นครนายก 26110,,,"{'1': 5, '2': 3, '3': 17, '4': 41, '5': 151}",14.2592918,101.0664715
TA097,วัดตำหนัก,วัด,4.6,133,https://www.google.com/maps/place/%E0%B8%A7%E0%B8%B1%E0%B8%94%E0%B8%95%E0%B8%B3%E0%B8%AB%E0%B8%99%E0%B8%B1%E0%B8%81/data=!4m7!3m6!1s0x311db392a6eec1f7:0xc4aaf292866e6fb3!8m2!3d14.2851075!4d101.2756901!16s%2Fg%2F1tt88qwh!19sChIJ98HuppKzHTERs29uhpLyqsQ?authuser=0&hl=th&rclk=1,,053 428 046,77PG+27W วัดตำหนัก ตำบล สาริกา อำเภอเมืองนครนายก นครนายก 26000,,,"{'1': 0, '2': 1, '3': 10, '4': 31, '5': 91}",14.2851075,101.2756901
TA098,วัดถ้ำสาริกา นครนายก,วัด,4.6,822,https://www.google.com/maps/place/%E0%B8%A7%E0%B8%B1%E0%B8%94%E0%B8%96%E0%B9%89%E0%B8%B3%E0%B8%AA%E0%B8%B2%E0%B8%A3%E0%B8%B4%E0%B8%81%E0%B8%B2+%E0%B8%99%E0%B8%84%E0%B8%A3%E0%B8%99%E0%B8%B2%E0%B8%A2%E0%B8%81/data=!4m7!3m6!1s0x311db3ed8799c1cd:0x91a54c86f0e4cfcf!8m2!3d14.2891416!4d101.2733602!16s%2Fg%2F1hf0vzf90!19sChIJzcGZh-2zHTERz8_k8IZMpZE?authuser=0&hl=th&rclk=1,https://www.facebook.com/profile.php?id=100011158266022,086 478 8497,77QF+M85 วัดถ้ำสาริกา นครนายก ตำบล สาริกา อำเภอเมืองนครนายก นครนายก 26000,,,"{'1': 9, '2': 8, '3': 50, '4': 184, '5': 571}",14.2891416,101.2733602
TA099,วัดทองย้อย,วัด,4.3,61,https://www.google.com/maps/place/%E0%B8%A7%E0%B8%B1%E0%B8%94%E0%B8%97%E0%B8%AD%E0%B8%87%E0%B8%A2%E0%B9%89%E0%B8%AD%E0%B8%A2/data=!4m7!3m6!1s0x311dbc7f5fab4c73:0x302ca692102b524b!8m2!3d14.2644719!4d101.0702441!16s%2Fg%2F1td7wjvq!19sChIJc0yrX3-8HTERS1IrEJKmLDA?authuser=0&hl=th&rclk=1,https://www.facebook.com/kunnikar.jarearnphorn,080 059 8680,737C+Q3Q วัดทองย้อย อำเภอบ้านนา นครนายก 26110,,,"{'1': 4, '2': 1, '3': 8, '4': 10, '5': 38}",14.2644719,101.0702441
TA100,วัดท่าข่อย,วัด,4.3,51,https://www.google.com/maps/place/%E0%B8%A7%E0%B8%B1%E0%B8%94%E0%B8%97%E0%B9%88%E0%B8%B2%E0%B8%82%E0%B9%88%E0%B8%AD%E0%B8%A2/data=!4m7!3m6!1s0x311db1e52ca8a9e3:0xd36a67b1ea253683!8m2!3d14.215386!4d101.2408657!16s%2Fg%2F1tfbvxwc!19sChIJ46moLOWxHTERgzYl6rFnatM?authuser=0&hl=th&rclk=1,,,668R+585 วัดท่าข่อย ตำบล บ้านใหญ่ อำเภอเมืองนครนายก นครนายก 26000,,,"{'1': 1, '2': 2, '3': 7, '4': 10, '5': 31}",14.215386,101.2408657
TA101,วัดบางอ้อใน,วัด,4.2,58,https://www.google.com/maps/place/%E0%B8%A7%E0%B8%B1%E0%B8%94%E0%B8%9A%E0%B8%B2%E0%B8%87%E0%B8%AD%E0%B9%89%E0%B8%AD%E0%B9%83%E0%B8%99/data=!4m7!3m6!1s0x311da364e0b00865:0x96b00e8536b4a875!8m2!3d14.1809312!4d101.0632359!16s%2Fg%2F1txnly05!19sChIJZQiw4GSjHTERdai0NoUOsJY?authuser=0&hl=th&rclk=1,,037 335 291,53J7+97H วัดบางอ้อใน ตำบลบางอ้อ อำเภอบ้านนา นครนายก 26110,,,"{'1': 1, '2': 3, '3': 11, '4': 9, '5': 34}",14.1809312,101.0632359
TA102,วัดบ้านดง,วัด,4.2,73,https://www.google.com/maps/place/%E0%B8%A7%E0%B8%B1%E0%B8%94%E0%B8%9A%E0%B9%89%E0%B8%B2%E0%B8%99%E0%B8%94%E0%B8%87/data=!4m7!3m6!1s0x311db461a40e18bb:0xdbefd93086bfc903!8m2!3d14.3171772!4d101.289978!16s%2Fg%2F1tdpcnx9!19sChIJuxgOpGG0HTERA8m_hjDZ79s?authuser=0&hl=th&rclk=1,,089 593 8775,878Q+VXH วัดบ้านดง ตำบล สาริกา อำเภอเมืองนครนายก นครนายก 26000,,,"{'1': 2, '2': 3, '3': 17, '4': 10, '5': 41}",14.3171772,101.289978
TA103,วัดบ้านวังรี,วัด,4.5,40,https://www.google.com/maps/place/%E0%B8%A7%E0%B8%B1%E0%B8%94%E0%B8%9A%E0%B9%89%E0%B8%B2%E0%B8%99%E0%B8%A7%E0%B8%B1%E0%B8%87%E0%B8%A3%E0%B8%B5/data=!4m7!3m6!1s0x311db71be75d0b47:0x8bcbacb448257289!8m2!3d14.3240395!4d101.1938745!16s%2Fg%2F1ttyt66x!19sChIJRwtd5xu3HTERiXIlSLSsy4s?authuser=0&hl=th&rclk=1,,087 744 0334,วัดบ้านวังรี 15 ถนนสุวรรณศร ตำบล เขาพระ อำเภอเมืองนครนายก นครนายก 26000,,,"{'1': 1, '2': 1, '3': 3, '4': 7, '5': 28}",14.3240395,101.1938745
TA104,วัดบุญนาครักขิตาราม,วัด,4.3,209,https://www.google.com/maps/place/%E0%B8%A7%E0%B8%B1%E0%B8%94%E0%B8%9A%E0%B8%B8%E0%B8%8D%E0%B8%99%E0%B8%B2%E0%B8%84%E0%B8%A3%E0%B8%B1%E0%B8%81%E0%B8%82%E0%B8%B4%E0%B8%95%E0%B8%B2%E0%B8%A3%E0%B8%B2%E0%B8%A1/data=!4m7!3m6!1s0x311dae2447cac4e9:0x8cf1cdd8ed9fddb6!8m2!3d14.1996095!4d101.2221607!16s%2Fg%2F1tmkhfb0!19sChIJ6cTKRySuHTERtt2f7djN8Yw?authuser=0&hl=th&rclk=1,,,56XC+RVV วัดบุญนาครักขิตาราม ถ. สุวรรณศร ตำบล นครนายก อำเภอเมืองนครนายก นครนายก 26000,,,"{'1': 5, '2': 5, '3': 20, '4': 64, '5': 115}",14.1996095,101.2221607
TA105,วัดป่าขะ,วัด,4.4,160,https://www.google.com/maps/place/%E0%B8%A7%E0%B8%B1%E0%B8%94%E0%B8%9B%E0%B9%88%E0%B8%B2%E0%B8%82%E0%B8%B0/data=!4m7!3m6!1s0x311dbc0cec9ec7b5:0xeb3dc6cb7a2959e5!8m2!3d14.286925!4d101.068762!16s%2Fg%2F1tcwcf_b!19sChIJtcee7Ay8HTER5VkpesvGPes?authuser=0&hl=th&rclk=1,https://www.facebook.com/WatPakha2471/,089 529 9547,วัดป่าขะ 32 ซอย เทศบาล 5 ตำบล ป่าขะ อำเภอบ้านนา นครนายก 26110,,,"{'1': 7, '2': 4, '3': 13, '4': 29, '5': 107}",14.286925,101.068762
TA106,วัดป่าศรีถาวรนิมิต,วัด,4.7,410,https://www.google.com/maps/place/%E0%B8%A7%E0%B8%B1%E0%B8%94%E0%B8%9B%E0%B9%88%E0%B8%B2%E0%B8%A8%E0%B8%A3%E0%B8%B5%E0%B8%96%E0%B8%B2%E0%B8%A7%E0%B8%A3%E0%B8%99%E0%B8%B4%E0%B8%A1%E0%B8%B4%E0%B8%95/data=!4m7!3m6!1s0x311db2e0fad617c9:0xc6eb6a75aaf734e6!8m2!3d14.2452914!4d101.321108!16s%2Fg%2F120r01vd!19sChIJyRfW-uCyHTER5jT3qnVq68Y?authuser=0&hl=th&rclk=1,https://www.facebook.com/pages/category/Religious-organization/%E0%B8%A8%E0%B8%B2%E0%B8%AA%E0%B8%99%E0%B8%A8%E0%B8%B6%E0%B8%81%E0%B8%A9%E0%B8%B2%E0%B8%A7%E0%B8%B1%E0%B8%94%E0%B8%9B%E0%B9%88%E0%B8%B2%E0%B8%A8%E0%B8%A3%E0%B8%B5%E0%B8%96%E0%B8%B2%E0%B8%A7%E0%B8%A3%E0%B8%99%E0%B8%B4%E0%B8%A1%E0%B8%B4%E0%B8%95-%E0%B8%99%E0%B8%84%E0%B8%A3%E0%B8%99%E0%B8%B2%E0%B8%A2%E0%B8%81-372029362963281/,037 616 635,68WC+4C9 วัดป่าศรีถาวรนิมิต ตำบล หนองแสง อำเภอปากพลี นครนายก 26130,,,"{'1': 5, '2': 2, '3': 11, '4': 74, '5': 318}",14.2452914,101.321108
TA107,วัดฝั่งคลอง,วัด,4.4,93,https://www.google.com/maps/place/%E0%B8%A7%E0%B8%B1%E0%B8%94%E0%B8%9D%E0%B8%B1%E0%B9%88%E0%B8%87%E0%B8%84%E0%B8%A5%E0%B8%AD%E0%B8%87/data=!4m7!3m6!1s0x311dadcdf7213afb:0x9ea6f3a6e693d9e1!8m2!3d14.163687!4d101.26339!16s%2Fg%2F1xn_kw3n!19sChIJ-zoh982tHTER4dmT5qbzpp4?authuser=0&hl=th&rclk=1,https://www.facebook.com/profile.php?id=100069211532497&mibextid=ZbWKwL,037 399 833,วัดฝั่งคลอง 307 ถ. สุวรรณศร ตำบล เกาะหวาย อำเภอปากพลี นครนายก 26130,,,"{'1': 1, '2': 3, '3': 9, '4': 21, '5': 59}",14.163687,101.26339
TA108,วัดพราหมณี (หลวงพ่อปากแดง),วัด,4.3,4170,https://www.google.com/maps/place/%E0%B8%A7%E0%B8%B1%E0%B8%94%E0%B8%9E%E0%B8%A3%E0%B8%B2%E0%B8%AB%E0%B8%A1%E0%B8%93%E0%B8%B5+%28%E0%B8%AB%E0%B8%A5%E0%B8%A7%E0%B8%87%E0%B8%9E%E0%B9%88%E0%B8%AD%E0%B8%9B%E0%B8%B2%E0%B8%81%E0%B9%81%E0%B8%94%E0%B8%87%29/data=!4m7!3m6!1s0x311db18ebae99fa7:0x4eaba69a70ee2539!8m2!3d14.2352874!4d101.2459167!16s%2Fg%2F1tyzwg71!19sChIJp5_puo6xHTEROSXucJqmq04?authuser=0&hl=th&rclk=1,,,วัดพราหมณี (หลวงพ่อปากแดง) หมู่ที่ 5 95 ตำบล บ้านใหญ่ อำเภอเมืองนครนายก นครนายก 26000,,,"{'1': 109, '2': 118, '3': 505, '4': 1036, '5': 2402}",14.2352874,101.2459167
TA109,วัดมณีวงศ์,วัด,4.6,2796,https://www.google.com/maps/place/%E0%B8%A7%E0%B8%B1%E0%B8%94%E0%B8%A1%E0%B8%93%E0%B8%B5%E0%B8%A7%E0%B8%87%E0%B8%A8%E0%B9%8C/data=!4m7!3m6!1s0x311daf0cfe489d25:0xfbbe47b10e140f6b!8m2!3d14.1543452!4d101.1861638!16s%2Fg%2F1th54g7b!19sChIJJZ1I_gyvHTERaw8UDrFHvvs?authuser=0&hl=th&rclk=1,https://www.facebook.com/Maneewongtemple/,088 942 5594,75 หมู่ที่ 2 วัดมณีวงศ์ บ้านหนองกระพ้อ ตำบล ดงละคร อำเภอเมืองนครนายก นครนายก 26000,,,"{'1': 36, '2': 25, '3': 173, '4': 555, '5': 2007}",14.1543452,101.1861638
TA110,วัดลำบัวลอย,วัด,4.6,580,https://www.google.com/maps/place/%E0%B8%A7%E0%B8%B1%E0%B8%94%E0%B8%A5%E0%B8%B3%E0%B8%9A%E0%B8%B1%E0%B8%A7%E0%B8%A5%E0%B8%AD%E0%B8%A2/data=!4m7!3m6!1s0x311da96299569083:0xfab32a332b22dbde!8m2!3d14.0812951!4d101.2518365!16s%2Fg%2F11rch9dtpg!19sChIJg5BWmWKpHTER3tsiKzMqs_o?authuser=0&hl=th&rclk=1,,,37J2+GP8 วัดลำบัวลอย ตำบล ท่าเรือ อำเภอปากพลี นครนายก 26130,,,"{'1': 8, '2': 5, '3': 34, '4': 106, '5': 427}",14.0812951,101.2518365
TA111,วัดเลขธรรมกิตติ์ บางอ้อ บ้านนา นครนายก,วัด,4.6,281,https://www.google.com/maps/place/%E0%B8%A7%E0%B8%B1%E0%B8%94%E0%B9%80%E0%B8%A5%E0%B8%82%E0%B8%98%E0%B8%A3%E0%B8%A3%E0%B8%A1%E0%B8%81%E0%B8%B4%E0%B8%95%E0%B8%95%E0%B8%B4%E0%B9%8C+%E0%B8%9A%E0%B8%B2%E0%B8%87%E0%B8%AD%E0%B9%89%E0%B8%AD+%E0%B8%9A%E0%B9%89%E0%B8%B2%E0%B8%99%E0%B8%99%E0%B8%B2+%E0%B8%99%E0%B8%84%E0%B8%A3%E0%B8%99%E0%B8%B2%E0%B8%A2%E0%B8%81/data=!4m7!3m6!1s0x311da3b65b631a03:0x84fac24d08bbe214!8m2!3d14.1819391!4d101.0686342!16s%2Fg%2F11fq8nlhs0!19sChIJAxpjW7ajHTERFOK7CE3C-oQ?authuser=0&hl=th&rclk=1,https://www.facebook.com/profile.php?id=100079498908267&mibextid=ZbWKwL,080 201 0107,วัดเลขธรรมกิตติ์ บางอ้อ บ้านนา นครนายก ตำบลบางอ้อ อำเภอบ้านนา นครนายก 26110,,,"{'1': 0, '2': 1, '3': 22, '4': 62, '5': 196}",14.1819391,101.0686342
TA112,วัดวังยายฉิม,สถาบันการศึกษา,4.6,20,https://www.google.com/maps/place/%E0%B8%A7%E0%B8%B1%E0%B8%94%E0%B8%A7%E0%B8%B1%E0%B8%87%E0%B8%A2%E0%B8%B2%E0%B8%A2%E0%B8%89%E0%B8%B4%E0%B8%A1/data=!4m7!3m6!1s0x311db39f5bc67711:0xb0ae3c7089b775be!8m2!3d14.2658547!4d101.2877715!16s%2Fg%2F1tdg0p8h!19sChIJEXfGW5-zHTERvnW3iXA8rrA?authuser=0&hl=th&rclk=1,,,วัดวังยายฉิม 505 ถนน รังสิต - นครนายก ตำบล หินตั้ง อำเภอเมืองนครนายก นครนายก 26000,,,"{'1': 0, '2': 0, '3': 3, '4': 3, '5': 14}",14.2658547,101.2877715
TA113,วัดศรีกะอาง นครนายก,วัด,4.3,86,https://www.google.com/maps/place/%E0%B8%A7%E0%B8%B1%E0%B8%94%E0%B8%A8%E0%B8%A3%E0%B8%B5%E0%B8%81%E0%B8%B0%E0%B8%AD%E0%B8%B2%E0%B8%87+%E0%B8%99%E0%B8%84%E0%B8%A3%E0%B8%99%E0%B8%B2%E0%B8%A2%E0%B8%81/data=!4m7!3m6!1s0x311db9b49dcf2ef1:0x98c13c7a96d2aa2f!8m2!3d14.3467422!4d101.1335685!16s%2Fg%2F1hm4cywz1!19sChIJ8S7PnbS5HTERL6rSlno8wZg?authuser=0&hl=th&rclk=1,https://www.facebook.com/WatSiKaAungNakhonNayok/,,84WM+MCW วัดศรีกะอาง นครนายก ตำบล ศรีกะอาง อำเภอบ้านนา นครนายก 26110,,,"{'1': 1, '2': 4, '3': 9, '4': 25, '5': 47}",14.3467422,101.1335685
TA114,วัดศรีนาวา,วัด,4.3,74,https://www.google.com/maps/place/%E0%B8%A7%E0%B8%B1%E0%B8%94%E0%B8%A8%E0%B8%A3%E0%B8%B5%E0%B8%99%E0%B8%B2%E0%B8%A7%E0%B8%B2/data=!4m7!3m6!1s0x311db2117b7b3187:0xd277bca78ac941bf!8m2!3d14.217008!4d101.263173!16s%2Fg%2F1tg2h46z!19sChIJhzF7exGyHTERv0HJiqe8d9I?authuser=0&hl=th&rclk=1,https://ww2.nakhonnayok.go.th/travel/detail/73,037 311 791,6787+R73 วัดศรีนาวา ตำบล ศรีนาวา อำเภอเมืองนครนายก นครนายก 26000,,,"{'1': 1, '2': 2, '3': 12, '4': 15, '5': 44}",14.217008,101.263173
TA115,วัดสันตยาราม,วัด,4.5,124,https://www.google.com/maps/place/%E0%B8%A7%E0%B8%B1%E0%B8%94%E0%B8%AA%E0%B8%B1%E0%B8%99%E0%B8%95%E0%B8%A2%E0%B8%B2%E0%B8%A3%E0%B8%B2%E0%B8%A1/data=!4m7!3m6!1s0x311db06a84707949:0x16ca4548cd3ed73a!8m2!3d14.234356!4d101.1839647!16s%2Fg%2F1hc15fclh!19sChIJSXlwhGqwHTEROtc-zUhFyhY?authuser=0&hl=th&rclk=1,https://www.facebook.com/profile.php?id=228224250990665&_ft_=qid.6840685508874868234%3Amf_story_key.688764788349671%3Agroup_id.166723433887145%3Atop_level_post_id.688764788349671%3Atl_objid.688764788349671%3Acontent_owner_id_new.100005154282216%3Aoriginal_content_id.1688464964668630%3Aoriginal_content_owner_id.100005154282216%3Apage_id.228224250990665%3Asrc.22%3Astory_location.6%3Atagged_locations.228224250990665%3Afilter.GroupStoriesByActivityEntQuery%3Atds_flgs.3%3Apage_insights.%7B%22228224250990665%22%3A%7B%22page_id%22%3A228224250990665%2C%22page_id_type%22%3A%22page%22%2C%22actor_id%22%3A100005154282216%2C%22attached_story%22%3A%7B%22page_id%22%3A228224250990665%2C%22page_id_type%22%3A%22page%22%2C%22actor_id%22%3A100005154282216%2C%22dm%22%3A%7B%22isShare%22%3A0%2C%22originalPostOwnerID%22%3A0%7D%2C%22psn%22%3A%22EntGroupMallPostCreationStory%22%2C%22role%22%3A4%2C%22sl%22%3A6%7D%2C%22dm%22%3A%7B%22isShare%22%3A0%2C%22originalPostOwnerID%22%3A0%7D%2C%22psn%22%3A%22EntGroupMallPostCreationStory%22%2C%22role%22%3A4%2C%22sl%22%3A6%7D%7D,037 312 549,65MM+PHW วัดสันตยาราม ตำบล พรหมณี อำเภอเมืองนครนายก นครนายก 26000,,,"{'1': 3, '2': 3, '3': 11, '4': 15, '5': 92}",14.234356,101.1839647
TA116,วัดใหญ่ทักขิณาราม,วัด,4.5,85,https://www.google.com/maps/place/%E0%B8%A7%E0%B8%B1%E0%B8%94%E0%B9%83%E0%B8%AB%E0%B8%8D%E0%B9%88%E0%B8%97%E0%B8%B1%E0%B8%81%E0%B8%82%E0%B8%B4%E0%B8%93%E0%B8%B2%E0%B8%A3%E0%B8%B2%E0%B8%A1/data=!4m7!3m6!1s0x311db1d92d993d05:0x4e6fec87baffd2b3!8m2!3d14.2111849!4d101.2264209!16s%2Fg%2F11fqmm48j8!19sChIJBT2ZLdmxHTERs9L_uofsb04?authuser=0&hl=th&rclk=1,https://www.facebook.com/WatYaiThakkhinaram,,"วัดใหญ่ทักขิณาราม ตําบลบ้านใหญ่ อําเภอเมืองนครนายก จังหวัดนครนายก, 26000",,,"{'1': 0, '2': 1, '3': 7, '4': 22, '5': 55}",14.2111849,101.2264209
TA117,ศาลเจ้าพ่อขุนด่าน,สถานที่ประกอบพิธีกรรมทางศาสนา,4.8,21,https://www.google.com/maps/place/%E0%B8%A8%E0%B8%B2%E0%B8%A5%E0%B9%80%E0%B8%88%E0%B9%89%E0%B8%B2%E0%B8%9E%E0%B9%88%E0%B8%AD%E0%B8%82%E0%B8%B8%E0%B8%99%E0%B8%94%E0%B9%88%E0%B8%B2%E0%B8%99/data=!4m7!3m6!1s0x311dba074d71239d:0x71218d7ff0df16fe!8m2!3d14.2918877!4d101.1647989!16s%2Fg%2F1tcyby7f!19sChIJnSNxTQe6HTER_hbf8H-NIXE?authuser=0&hl=th&rclk=1,,,75R7+QW3 ศาลเจ้าพ่อขุนด่าน ตำบล พรหมณี อำเภอเมืองนครนายก นครนายก 26000,,,"{'1': 0, '2': 0, '3': 0, '4': 4, '5': 17}",14.2918877,101.1647989
TA118,ศูนย์การเรียนรู้ ภูกะเหรี่ยง,ศูนย์การเรียนรู้,3.9,280,https://www.google.com/maps/place/%E0%B8%A8%E0%B8%B9%E0%B8%99%E0%B8%A2%E0%B9%8C%E0%B8%81%E0%B8%B2%E0%B8%A3%E0%B9%80%E0%B8%A3%E0%B8%B5%E0%B8%A2%E0%B8%99%E0%B8%A3%E0%B8%B9%E0%B9%89+%E0%B8%A0%E0%B8%B9%E0%B8%81%E0%B8%B0%E0%B9%80%E0%B8%AB%E0%B8%A3%E0%B8%B5%E0%B9%88%E0%B8%A2%E0%B8%87/data=!4m7!3m6!1s0x311db24fc057396b:0xf72fdaa6aa3c494!8m2!3d14.2398335!4d101.2851936!16s%2Fg%2F11csrs4dfl!19sChIJazlXwE-yHTERlMSjaqr9cg8?authuser=0&hl=th&rclk=1,https://pkrfarm.business.site/,087 361 5821,ศูนย์การเรียนรู้ ภูกะเหรี่ยง 104 ตำบล ศรีนาวา อำเภอเมืองนครนายก นครนายก 26000,,,"{'1': 14, '2': 10, '3': 66, '4': 94, '5': 96}",14.2398335,101.2851936
TA119,สนามฝึกยิงธนู รร.จปร.,สถานออกกำลังกาย,5,1,https://www.google.com/maps/place/%E0%B8%AA%E0%B8%99%E0%B8%B2%E0%B8%A1%E0%B8%9D%E0%B8%B6%E0%B8%81%E0%B8%A2%E0%B8%B4%E0%B8%87%E0%B8%98%E0%B8%99%E0%B8%B9+%E0%B8%A3%E0%B8%A3.%E0%B8%88%E0%B8%9B%E0%B8%A3./data=!4m7!3m6!1s0x311db1dcd764672f:0x6ee075abb25e4541!8m2!3d14.2822833!4d101.1717983!16s%2Fg%2F11j11rw7pz!19sChIJL2dk19yxHTERQUVesqt14G4?authuser=0&hl=th&rclk=1,,,75JC+WP7 สนามฝึกยิงธนู รร.จปร. Unnamed Road ตำบล พรหมณี อำเภอเมืองนครนายก นครนายก 26000,,,"{'1': 0, '2': 0, '3': 0, '4': 0, '5': 1}",14.2822833,101.1717983
TA120,สปิลเวย์ (spillway) เขื่อนขุนด่านปราการชล,สถานที่ท่องเที่ยว,4.9,13,https://www.google.com/maps/place/%E0%B8%AA%E0%B8%9B%E0%B8%B4%E0%B8%A5%E0%B9%80%E0%B8%A7%E0%B8%A2%E0%B9%8C+%28spillway%29+%E0%B9%80%E0%B8%82%E0%B8%B7%E0%B9%88%E0%B8%AD%E0%B8%99%E0%B8%82%E0%B8%B8%E0%B8%99%E0%B8%94%E0%B9%88%E0%B8%B2%E0%B8%99%E0%B8%9B%E0%B8%A3%E0%B8%B2%E0%B8%81%E0%B8%B2%E0%B8%A3%E0%B8%8A%E0%B8%A5/data=!4m7!3m6!1s0x311db5619da277cb:0xe291ffe0c65faf3d!8m2!3d14.3119216!4d101.3208412!16s%2Fg%2F11lszhxyb4!19sChIJy3einWG1HTERPa9fxuD_keI?authuser=0&hl=th&rclk=1,,,886C+Q88 สปิลเวย์ (spillway) เขื่อนขุนด่านปราการชล Unnamed Road ตำบล หินตั้ง อำเภอเมืองนครนายก นครนายก 26000,,,"{'1': 0, '2': 0, '3': 0, '4': 1, '5': 12}",14.3119216,101.3208412
TA121,สโมสรกอล์ฟเขาชะโงก,กอล์ฟ,4.3,445,https://www.google.com/maps/place/%E0%B8%AA%E0%B9%82%E0%B8%A1%E0%B8%AA%E0%B8%A3%E0%B8%81%E0%B8%AD%E0%B8%A5%E0%B9%8C%E0%B8%9F%E0%B9%80%E0%B8%82%E0%B8%B2%E0%B8%8A%E0%B8%B0%E0%B9%82%E0%B8%87%E0%B8%81/data=!4m7!3m6!1s0x311dba09658e58b7:0xe001904b0ef0ed34!8m2!3d14.285345!4d101.155558!16s%2Fg%2F1hdy_8gq9!19sChIJt1iOZQm6HTERNO3wDkuQAeA?authuser=0&hl=th&rclk=1,http://www2.crma.ac.th/golfcourse/information.asp?ID=18,086 144 6776,75P4+46M สโมสรกอล์ฟเขาชะโงก ตำบล พรหมณี อำเภอเมืองนครนายก นครนายก 26000,,,"{'1': 12, '2': 8, '3': 52, '4': 152, '5': 221}",14.285345,101.155558
TA122,สวนเกษตรคลอง14,สถานที่ท่องเที่ยว,5,1,https://www.google.com/maps/place/%E0%B8%AA%E0%B8%A7%E0%B8%99%E0%B9%80%E0%B8%81%E0%B8%A9%E0%B8%95%E0%B8%A3%E0%B8%84%E0%B8%A5%E0%B8%AD%E0%B8%8714/data=!4m7!3m6!1s0x311d9fa86ab4a643:0x7285ab060861a203!8m2!3d14.0923543!4d100.9148171!16s%2Fg%2F11s3hyrygq!19sChIJQ6a0aqifHTERA6JhCAarhXI?authuser=0&hl=th&rclk=1,,092 849 6907,สวนเกษตรคลอง14 ร้านค้า ตำบล บึงน้ำรักษ์ อำเภอธัญบุรี นครนายก 12110,,,"{'1': 0, '2': 0, '3': 0, '4': 0, '5': 1}",14.0923543,100.9148171
TA123,สวนขุนทรัพย์,สถานที่ท่องเที่ยว,4.5,6,https://www.google.com/maps/place/%E0%B8%AA%E0%B8%A7%E0%B8%99%E0%B8%82%E0%B8%B8%E0%B8%99%E0%B8%97%E0%B8%A3%E0%B8%B1%E0%B8%9E%E0%B8%A2%E0%B9%8C/data=!4m7!3m6!1s0x311db55dbab7562d:0x8090290331e8d42!8m2!3d14.3412658!4d101.2804474!16s%2Fg%2F11h1shmg4k!19sChIJLVa3ul21HTERQo0eM5ACCQg?authuser=0&hl=th&rclk=1,,089 249 5909,87RJ+G54 สวนขุนทรัพย์ Unnamed Road ตำบล สาริกา อำเภอเมืองนครนายก นครนายก 26000,,,"{'1': 0, '2': 0, '3': 0, '4': 3, '5': 3}",14.3412658,101.2804474
TA124,สวนดารา at คลองมะเดื่อ,สถานที่ท่องเที่ยว,4.2,131,https://www.google.com/maps/place/%E0%B8%AA%E0%B8%A7%E0%B8%99%E0%B8%94%E0%B8%B2%E0%B8%A3%E0%B8%B2+at+%E0%B8%84%E0%B8%A5%E0%B8%AD%E0%B8%87%E0%B8%A1%E0%B8%B0%E0%B9%80%E0%B8%94%E0%B8%B7%E0%B9%88%E0%B8%AD/data=!4m7!3m6!1s0x311db44cc0814ddd:0xa177561ea8914ef9!8m2!3d14.3402972!4d101.2821607!16s%2Fg%2F11fx7r3l0z!19sChIJ3U2BwEy0HTER-U6RqB5Wd6E?authuser=0&hl=th&rclk=1,https://www.facebook.com/Bansaundara/,083 302 8239,87RJ+4V7 สวนดารา at คลองมะเดื่อ Unnamed Road ตำบล สาริกา อำเภอเมืองนครนายก นครนายก 26000,,,"{'1': 12, '2': 3, '3': 11, '4': 26, '5': 79}",14.3402972,101.2821607
TA125,สวนน้ำนครนายก,สวนน้ำ,4.1,305,https://www.google.com/maps/place/%E0%B8%AA%E0%B8%A7%E0%B8%99%E0%B8%99%E0%B9%89%E0%B8%B3%E0%B8%99%E0%B8%84%E0%B8%A3%E0%B8%99%E0%B8%B2%E0%B8%A2%E0%B8%81/data=!4m7!3m6!1s0x311dbb7d41dcddab:0xbfc8cf5f4eea1260!8m2!3d14.2495472!4d101.0735288!16s%2Fg%2F11c1q6xr5q!19sChIJq93cQX27HTERYBLqTl_PyL8?authuser=0&hl=th&rclk=1,https://www.facebook.com/%E0%B8%AA%E0%B8%A7%E0%B8%99%E0%B8%99%E0%B9%89%E0%B8%B3%E0%B8%99%E0%B8%84%E0%B8%A3%E0%B8%99%E0%B8%B2%E0%B8%A2%E0%B8%81-Nakhonnayok-Water-Park-1626527034338626/,087 132 1900,"สวนน้ำนครนายก ตำบล พิกุลออก อำเภอ บ้านนา,นครนายก พิกุลออก อำเภอบ้านนา นครนายก 26110",,,"{'1': 16, '2': 16, '3': 44, '4': 74, '5': 155}",14.2495472,101.0735288
TA126,สวนบุญอุปถัมภ์,สถานที่ท่องเที่ยว,4.9,15,https://www.google.com/maps/place/%E0%B8%AA%E0%B8%A7%E0%B8%99%E0%B8%9A%E0%B8%B8%E0%B8%8D%E0%B8%AD%E0%B8%B8%E0%B8%9B%E0%B8%96%E0%B8%B1%E0%B8%A1%E0%B8%A0%E0%B9%8C/data=!4m7!3m6!1s0x311db3f74e5b9499:0xaf7374887b8c6f0a!8m2!3d14.2120717!4d101.3269909!16s%2Fg%2F11h7cpv6rn!19sChIJmZRbTvezHTERCm-Me4h0c68?authuser=0&hl=th&rclk=1,https://www.facebook.com/pg/boonupathampgarden/posts/,095 108 4587,สวนบุญอุปถัมภ์ ตำบล หนองแสง อำเภอปากพลี นครนายก 26130,,,"{'1': 0, '2': 0, '3': 0, '4': 2, '5': 13}",14.2120717,101.3269909
TA127,สวนละอองฟ้า(คุณแหม่ม),สวน,4.4,41,https://www.google.com/maps/place/%E0%B8%AA%E0%B8%A7%E0%B8%99%E0%B8%A5%E0%B8%B0%E0%B8%AD%E0%B8%AD%E0%B8%87%E0%B8%9F%E0%B9%89%E0%B8%B2%28%E0%B8%84%E0%B8%B8%E0%B8%93%E0%B9%81%E0%B8%AB%E0%B8%A1%E0%B9%88%E0%B8%A1%29/data=!4m7!3m6!1s0x311db173a5c66fe9:0x1493a2bb5912398a!8m2!3d14.277342!4d101.217638!16s%2Fg%2F1hc841_ws!19sChIJ6W_GpXOxHTERijkSWbuikxQ?authuser=0&hl=th&rclk=1,https://www.facebook.com/%E0%B8%AA%E0%B8%A7%E0%B8%99%E0%B8%A5%E0%B8%B0%E0%B8%AD%E0%B8%AD%E0%B8%87%E0%B8%9F%E0%B9%89%E0%B8%B2-%E0%B8%84%E0%B8%B8%E0%B8%93%E0%B9%81%E0%B8%AB%E0%B8%A1%E0%B9%88%E0%B8%A1-180601885926580/,090 763 2519,สวนละอองฟ้า(คุณแหม่ม) 111 2 ตำบล เขาพระ อำเภอเมืองนครนายก นครนายก 26000,,,"{'1': 3, '2': 0, '3': 3, '4': 5, '5': 30}",14.277342,101.217638
TA128,สวนลุงพร คลองมะเดื่อนครนายก,พื้นที่ตั้งแคมป์,3.6,651,https://www.google.com/maps/place/%E0%B8%AA%E0%B8%A7%E0%B8%99%E0%B8%A5%E0%B8%B8%E0%B8%87%E0%B8%9E%E0%B8%A3+%E0%B8%84%E0%B8%A5%E0%B8%AD%E0%B8%87%E0%B8%A1%E0%B8%B0%E0%B9%80%E0%B8%94%E0%B8%B7%E0%B9%88%E0%B8%AD%E0%B8%99%E0%B8%84%E0%B8%A3%E0%B8%99%E0%B8%B2%E0%B8%A2%E0%B8%81/data=!4m10!3m9!1s0x311db5b6229874bb:0xa4db7d8de1ce3eec!5m2!4m1!1i2!8m2!3d14.3490434!4d101.2756721!16s%2Fg%2F11c6pvqx_0!19sChIJu3SYIra1HTER7D7O4Y1926Q?authuser=0&hl=th&rclk=1,,086 110 7925,87XG+J77 สวนลุงพร คลองมะเดื่อนครนายก ตำบล สาริกา อำเภอเมืองนครนายก นครนายก 26000,,,"{'1': 83, '2': 54, '3': 134, '4': 150, '5': 230}",14.3490434,101.2756721
TA129,สวนวสา,สถานที่ท่องเที่ยว,3.3,9,https://www.google.com/maps/place/%E0%B8%AA%E0%B8%A7%E0%B8%99%E0%B8%A7%E0%B8%AA%E0%B8%B2/data=!4m7!3m6!1s0x311da25c3a0a5fa1:0x754830374460b607!8m2!3d14.164451!4d101.0068419!16s%2Fg%2F1hm4n57pm!19sChIJoV8KOlyiHTERB7ZgRDcwSHU?authuser=0&hl=th&rclk=1,,,5274+QPP สวนวสา ตำบล บางปลากด อำเภอองครักษ์ นครนายก 26120,,,"{'1': 3, '2': 0, '3': 1, '4': 1, '5': 4}",14.164451,101.0068419
TA130,สวนสยามการเกษตร ไดโนเสาร์,สถานที่ท่องเที่ยว,4.3,33,https://www.google.com/maps/place/%E0%B8%AA%E0%B8%A7%E0%B8%99%E0%B8%AA%E0%B8%A2%E0%B8%B2%E0%B8%A1%E0%B8%81%E0%B8%B2%E0%B8%A3%E0%B9%80%E0%B8%81%E0%B8%A9%E0%B8%95%E0%B8%A3+%E0%B9%84%E0%B8%94%E0%B9%82%E0%B8%99%E0%B9%80%E0%B8%AA%E0%B8%B2%E0%B8%A3%E0%B9%8C/data=!4m7!3m6!1s0x311db70abcd89a9b:0x236a88a87ce5088a!8m2!3d14.3012311!4d101.2298516!16s%2Fg%2F11j4y4vj6f!19sChIJm5rYvAq3HTERigjlfKiIaiM?authuser=0&hl=th&rclk=1,,,สวนสยามการเกษตร ไดโนเสาร์ Unnamed Road ตำบล เขาพระ อำเภอเมืองนครนายก นครนายก 26000,,,"{'1': 3, '2': 1, '3': 1, '4': 7, '5': 21}",14.3012311,101.2298516
TA131,สะพานชมทุ่ง บ้านหนองมะกอก,สถานที่ท่องเที่ยว,4.1,32,https://www.google.com/maps/place/%E0%B8%AA%E0%B8%B0%E0%B8%9E%E0%B8%B2%E0%B8%99%E0%B8%8A%E0%B8%A1%E0%B8%97%E0%B8%B8%E0%B9%88%E0%B8%87+%E0%B8%9A%E0%B9%89%E0%B8%B2%E0%B8%99%E0%B8%AB%E0%B8%99%E0%B8%AD%E0%B8%87%E0%B8%A1%E0%B8%B0%E0%B8%81%E0%B8%AD%E0%B8%81/data=!4m7!3m6!1s0x311dbcf60879cf95:0x46ef813f3a4cc4d9!8m2!3d14.2734344!4d101.0429496!16s%2Fg%2F11cmbl3rjd!19sChIJlc95CPa8HTER2cRMOj-B70Y?authuser=0&hl=th&rclk=1,,,72FV+95G สะพานชมทุ่ง บ้านหนองมะกอก Unnamed Road ตำบล ป่าขะ อำเภอบ้านนา นครนายก 26110,,,"{'1': 1, '2': 2, '3': 4, '4': 11, '5': 14}",14.2734344,101.0429496
TA132,สะพานทุ่งนาน้อยเขาหล่น,สถานที่ท่องเที่ยว,4.5,152,https://www.google.com/maps/place/%E0%B8%AA%E0%B8%B0%E0%B8%9E%E0%B8%B2%E0%B8%99%E0%B8%97%E0%B8%B8%E0%B9%88%E0%B8%87%E0%B8%99%E0%B8%B2%E0%B8%99%E0%B9%89%E0%B8%AD%E0%B8%A2%E0%B9%80%E0%B8%82%E0%B8%B2%E0%B8%AB%E0%B8%A5%E0%B9%88%E0%B8%99/data=!4m7!3m6!1s0x31239d899998bd73:0xec6fe6e384ce171f!8m2!3d14.26751!4d101.26104!16s%2Fg%2F11gxzqv6vz!19sChIJc72YmYmdIzERHxfOhOPmb-w?authuser=0&hl=th&rclk=1,https://www.facebook.com/profile.php?id=100068696827762&mibextid=ZbWKwL,089 600 1711,"68 สะพานทุ่งนาน้อยเขาหล่น อำเถอ, 2 ตำบล สาริกา เมือง, นครนายก 26000",,,"{'1': 6, '2': 0, '3': 13, '4': 32, '5': 101}",14.26751,101.26104
TA133,สะพานไม้ไผ่ บ้านดอนยายแมะ,จุดชมวิว,4.4,24,https://www.google.com/maps/place/%E0%B8%AA%E0%B8%B0%E0%B8%9E%E0%B8%B2%E0%B8%99%E0%B9%84%E0%B8%A1%E0%B9%89%E0%B9%84%E0%B8%9C%E0%B9%88+%E0%B8%9A%E0%B9%89%E0%B8%B2%E0%B8%99%E0%B8%94%E0%B8%AD%E0%B8%99%E0%B8%A2%E0%B8%B2%E0%B8%A2%E0%B9%81%E0%B8%A1%E0%B8%B0/data=!4m7!3m6!1s0x311db3453477c729:0x43823af6d89bbe82!8m2!3d14.2215062!4d101.3121535!16s%2Fg%2F11g1knm2w5!19sChIJKcd3NEWzHTERgr6b2PY6gkM?authuser=0&hl=th&rclk=1,,,68C6+JV2 สะพานไม้ไผ่ บ้านดอนยายแมะ ตำบล หนองแสง อำเภอปากพลี นครนายก 26130,,,"{'1': 1, '2': 1, '3': 0, '4': 7, '5': 15}",14.2215062,101.3121535
TA134,"สะพานสลิง วัดบ้านใหม่ (Sling Bridge, Ban Mai Temple)",สถานที่ท่องเที่ยว,4.4,27,"https://www.google.com/maps/place/%E0%B8%AA%E0%B8%B0%E0%B8%9E%E0%B8%B2%E0%B8%99%E0%B8%AA%E0%B8%A5%E0%B8%B4%E0%B8%87+%E0%B8%A7%E0%B8%B1%E0%B8%94%E0%B8%9A%E0%B9%89%E0%B8%B2%E0%B8%99%E0%B9%83%E0%B8%AB%E0%B8%A1%E0%B9%88+%28Sling+Bridge,+Ban+Mai+Temple%29/data=!4m7!3m6!1s0x311db36083a9e17f:0xf100ff01e9b41a93!8m2!3d14.232705!4d101.273044!16s%2Fg%2F11fjv4k3n1!19sChIJf-Gpg2CzHTERkxq06QH_APE?authuser=0&hl=th&rclk=1",,,"67MF+36M สะพานสลิง วัดบ้านใหม่ (Sling Bridge, Ban Mai Temple), ทางหลวงแผ่นดินหมายเลข. 3239 ตำบล ศรีนาวา อำเภอเมืองนครนายก นครนายก 26000",,,"{'1': 0, '2': 0, '3': 4, '4': 9, '5': 14}",14.232705,101.273044
TA135,สะพานหน้าเขื่อนขุน​ด่าน​ปราการ​ชล​,สถานที่ท่องเที่ยว,4.5,81,https://www.google.com/maps/place/%E0%B8%AA%E0%B8%B0%E0%B8%9E%E0%B8%B2%E0%B8%99%E0%B8%AB%E0%B8%99%E0%B9%89%E0%B8%B2%E0%B9%80%E0%B8%82%E0%B8%B7%E0%B9%88%E0%B8%AD%E0%B8%99%E0%B8%82%E0%B8%B8%E0%B8%99%E2%80%8B%E0%B8%94%E0%B9%88%E0%B8%B2%E0%B8%99%E2%80%8B%E0%B8%9B%E0%B8%A3%E0%B8%B2%E0%B8%81%E0%B8%B2%E0%B8%A3%E2%80%8B%E0%B8%8A%E0%B8%A5%E2%80%8B/data=!4m7!3m6!1s0x311db59ffef58457:0x9d3d70fd1b08d4dc!8m2!3d14.3123445!4d101.3152598!16s%2Fg%2F11qhg_k0lv!19sChIJV4T1_p-1HTER3NQIG_1wPZ0?authuser=0&hl=th&rclk=1,,,สะพานหน้าเขื่อนขุน​ด่าน​ปราการ​ชล​ เลขที่ 3049 สาริกา ตำบล นาหินลาด อำเภอเมืองนครนายก นครนายก 26000,,,"{'1': 2, '2': 0, '3': 8, '4': 15, '5': 56}",14.3123445,101.3152598
TA136,สาริกา แอดเวนเจอร์ พอยท์,บริษัทท่องเที่ยว,4.5,39,https://www.google.com/maps/place/%E0%B8%AA%E0%B8%B2%E0%B8%A3%E0%B8%B4%E0%B8%81%E0%B8%B2+%E0%B9%81%E0%B8%AD%E0%B8%94%E0%B9%80%E0%B8%A7%E0%B8%99%E0%B9%80%E0%B8%88%E0%B8%AD%E0%B8%A3%E0%B9%8C+%E0%B8%9E%E0%B8%AD%E0%B8%A2%E0%B8%97%E0%B9%8C/data=!4m7!3m6!1s0x311db3f335ccfe5b:0xa1b7fee0f5489040!8m2!3d14.2766257!4d101.2744186!16s%2Fg%2F1hc8c_9ch!19sChIJW_7MNfOzHTERQJBI9eD-t6E?authuser=0&hl=th&rclk=1,,085 374 2496,สาริกา แอดเวนเจอร์ พอยท์ หมู่ที่ 11 8 ตำบล สาริกา อำเภอเมืองนครนายก นครนายก 26000,,,"{'1': 1, '2': 0, '3': 4, '4': 6, '5': 28}",14.2766257,101.2744186
TA137,สำนักงานการท่องเที่ยวและกีฬาจังหวัดนครนายก,สถานที่ราชการ,,,https://www.google.com/maps/place/%E0%B8%AA%E0%B8%B3%E0%B8%99%E0%B8%B1%E0%B8%81%E0%B8%87%E0%B8%B2%E0%B8%99%E0%B8%81%E0%B8%B2%E0%B8%A3%E0%B8%97%E0%B9%88%E0%B8%AD%E0%B8%87%E0%B9%80%E0%B8%97%E0%B8%B5%E0%B9%88%E0%B8%A2%E0%B8%A7%E0%B9%81%E0%B8%A5%E0%B8%B0%E0%B8%81%E0%B8%B5%E0%B8%AC%E0%B8%B2%E0%B8%88%E0%B8%B1%E0%B8%87%E0%B8%AB%E0%B8%A7%E0%B8%B1%E0%B8%94%E0%B8%99%E0%B8%84%E0%B8%A3%E0%B8%99%E0%B8%B2%E0%B8%A2%E0%B8%81/data=!4m7!3m6!1s0x311dafdaf6267937:0x55f893cc81e32d3a!8m2!3d14.1999358!4d101.1939057!16s%2Fg%2F1hm24p9jk!19sChIJN3km9tqvHTEROi3jgcyT-FU?authuser=0&hl=th&rclk=1,,037 313 283,55XV+XHC สำนักงานการท่องเที่ยวและกีฬาจังหวัดนครนายก ถนน รังสิต - นครนายก ตำบล ท่าช้าง อำเภอเมืองนครนายก นครนายก 26000,,,"{'1': None, '2': None, '3': None, '4': None, '5': None}",14.1999358,101.1939057
TA138,สำนักงานโครงการเขื่อนขุนด่านปราการชล,สถานที่ราชการ,4.4,44,https://www.google.com/maps/place/%E0%B8%AA%E0%B8%B3%E0%B8%99%E0%B8%B1%E0%B8%81%E0%B8%87%E0%B8%B2%E0%B8%99%E0%B9%82%E0%B8%84%E0%B8%A3%E0%B8%87%E0%B8%81%E0%B8%B2%E0%B8%A3%E0%B9%80%E0%B8%82%E0%B8%B7%E0%B9%88%E0%B8%AD%E0%B8%99%E0%B8%82%E0%B8%B8%E0%B8%99%E0%B8%94%E0%B9%88%E0%B8%B2%E0%B8%99%E0%B8%9B%E0%B8%A3%E0%B8%B2%E0%B8%81%E0%B8%B2%E0%B8%A3%E0%B8%8A%E0%B8%A5/data=!4m7!3m6!1s0x311db498cd4039e5:0xfaa67bfba9df708b!8m2!3d14.299782!4d101.31837!16s%2Fg%2F11c1q9wg5_!19sChIJ5TlAzZi0HTERi3Dfqft7pvo?authuser=0&hl=th&rclk=1,,037 384 192,78X9+W89 สำนักงานโครงการเขื่อนขุนด่านปราการชล ตำบล หินตั้ง อำเภอเมืองนครนายก นครนายก 26000,,,"{'1': 2, '2': 0, '3': 4, '4': 9, '5': 29}",14.299782,101.31837
TA139,หลิวใบ การ์เด้น,สถานที่ท่องเที่ยว,,,https://www.google.com/maps/place/%E0%B8%AB%E0%B8%A5%E0%B8%B4%E0%B8%A7%E0%B9%83%E0%B8%9A+%E0%B8%81%E0%B8%B2%E0%B8%A3%E0%B9%8C%E0%B9%80%E0%B8%94%E0%B9%89%E0%B8%99/data=!4m7!3m6!1s0x311d99f963157839:0xab12a8c660b96b62!8m2!3d14.1614383!4d100.9693968!16s%2Fg%2F11krhtnwxp!19sChIJOXgVY_mZHTERYmu5YMaoEqs?authuser=0&hl=th&rclk=1,,090 983 8230,73 หลิวใบ การ์เด้น ตำบล บางปลากด อำเภอองครักษ์ นครนายก 26120,,,"{'1': None, '2': None, '3': None, '4': None, '5': None}",14.1614383,100.9693968
TA140,ห้วยปรือ,ทะเลสาบ,4.4,71,https://www.google.com/maps/place/%E0%B8%AB%E0%B9%89%E0%B8%A7%E0%B8%A2%E0%B8%9B%E0%B8%A3%E0%B8%B7%E0%B8%AD/data=!4m7!3m6!1s0x311db6db5bd989a9:0x9cb67d1df594fab8!8m2!3d14.3145599!4d101.2169617!16s%2Fg%2F1tdn63st!19sChIJqYnZW9u2HTERuPqU9R19tpw?authuser=0&hl=th&rclk=1,,,ห้วยปรือ ตำบล เขาพระ อำเภอเมืองนครนายก นครนายก 26000,,,"{'1': 2, '2': 2, '3': 3, '4': 22, '5': 42}",14.3145599,101.2169617
TA141,แหล่งท่องเที่ยวเชิงเกษตร,รัฐบาล,5,2,https://www.google.com/maps/place/%E0%B9%81%E0%B8%AB%E0%B8%A5%E0%B9%88%E0%B8%87%E0%B8%97%E0%B9%88%E0%B8%AD%E0%B8%87%E0%B9%80%E0%B8%97%E0%B8%B5%E0%B9%88%E0%B8%A2%E0%B8%A7%E0%B9%80%E0%B8%8A%E0%B8%B4%E0%B8%87%E0%B9%80%E0%B8%81%E0%B8%A9%E0%B8%95%E0%B8%A3/data=!4m7!3m6!1s0x311db3a21aab3229:0x8db3e4a40bc0e5af!8m2!3d14.2716348!4d101.2913676!16s%2Fg%2F1hm2lkz0p!19sChIJKTKrGqKzHTERr-XAC6Tks40?authuser=0&hl=th&rclk=1,,,77CR+MG5 แหล่งท่องเที่ยวเชิงเกษตร ตำบล หินตั้ง อำเภอเมืองนครนายก นครนายก 26000,,,"{'1': 0, '2': 0, '3': 0, '4': 0, '5': 2}",14.2716348,101.2913676
TA142,อ.ปากพลี นครนายก,อุทยาน,5,1,https://www.google.com/maps/place/%E0%B8%AD.%E0%B8%9B%E0%B8%B2%E0%B8%81%E0%B8%9E%E0%B8%A5%E0%B8%B5+%E0%B8%99%E0%B8%84%E0%B8%A3%E0%B8%99%E0%B8%B2%E0%B8%A2%E0%B8%81/data=!4m7!3m6!1s0x311dab7e9e2dca01:0x3a4da5b5ecfd4d!8m2!3d14.096623!4d101.2729785!16s%2Fg%2F11llgb3v5p!19sChIJAcotnn6rHTERTf3staVNOgA?authuser=0&hl=th&rclk=1,,,อ.ปากพลี นครนายก จุดดูนกเหยี่ยว ตำบล ท่าเรือ อำเภอปากพลี นครนายก 26130,,,"{'1': 0, '2': 0, '3': 0, '4': 0, '5': 1}",14.096623,101.2729785
TA143,อนุสรณ์สถานกองพลทหารญี่ปุ่นที่ 37,อนุสรณ์สถาน,4.7,13,https://www.google.com/maps/place/%E0%B8%AD%E0%B8%99%E0%B8%B8%E0%B8%AA%E0%B8%A3%E0%B8%93%E0%B9%8C%E0%B8%AA%E0%B8%96%E0%B8%B2%E0%B8%99%E0%B8%81%E0%B8%AD%E0%B8%87%E0%B8%9E%E0%B8%A5%E0%B8%97%E0%B8%AB%E0%B8%B2%E0%B8%A3%E0%B8%8D%E0%B8%B5%E0%B9%88%E0%B8%9B%E0%B8%B8%E0%B9%88%E0%B8%99%E0%B8%97%E0%B8%B5%E0%B9%88+37/data=!4m7!3m6!1s0x311db18eb06b5aa1:0xb74b09a6cee58764!8m2!3d14.2352863!4d101.2452986!16s%2Fg%2F1hf11nntl!19sChIJoVprsI6xHTERZIflzqYJS7c?authuser=0&hl=th&rclk=1,,,66PW+447 อนุสรณ์สถานกองพลทหารญี่ปุ่นที่ 37 ตำบล สาริกา อำเภอเมืองนครนายก นครนายก 26000,,,"{'1': 0, '2': 0, '3': 1, '4': 2, '5': 10}",14.2352863,101.2452986
TA144,อ่างเก็บน้ำคลองกลาง,สถานที่ท่องเที่ยว,4.3,25,https://www.google.com/maps/place/%E0%B8%AD%E0%B9%88%E0%B8%B2%E0%B8%87%E0%B9%80%E0%B8%81%E0%B9%87%E0%B8%9A%E0%B8%99%E0%B9%89%E0%B8%B3%E0%B8%84%E0%B8%A5%E0%B8%AD%E0%B8%87%E0%B8%81%E0%B8%A5%E0%B8%B2%E0%B8%87/data=!4m7!3m6!1s0x311c4d25be90d9f9:0xa3131359d203b20c!8m2!3d14.2408975!4d101.354688!16s%2Fg%2F1hm3yfqbp!19sChIJ-dmQviVNHDERDLID0lkTE6M?authuser=0&hl=th&rclk=1,,,69R3+9V4 อ่างเก็บน้ำคลองกลาง ตำบล นาหินลาด อำเภอปากพลี นครนายก 26130,,,"{'1': 0, '2': 0, '3': 2, '4': 14, '5': 9}",14.2408975,101.354688
TA145,อ่างเก็บน้ำทรายทอง นครนายก,สถานที่ท่องเที่ยว,4.5,319,https://www.google.com/maps/place/%E0%B8%AD%E0%B9%88%E0%B8%B2%E0%B8%87%E0%B9%80%E0%B8%81%E0%B9%87%E0%B8%9A%E0%B8%99%E0%B9%89%E0%B8%B3%E0%B8%97%E0%B8%A3%E0%B8%B2%E0%B8%A2%E0%B8%97%E0%B8%AD%E0%B8%87+%E0%B8%99%E0%B8%84%E0%B8%A3%E0%B8%99%E0%B8%B2%E0%B8%A2%E0%B8%81/data=!4m7!3m6!1s0x311db71c58095b73:0xde6f3682493be03b!8m2!3d14.3309415!4d101.2034421!16s%2Fg%2F11bysjw2n5!19sChIJc1sJWBy3HTERO-A7SYI2b94?authuser=0&hl=th&rclk=1,,,อ่างเก็บน้ำทรายทอง นครนายก หมู่ 12 บ้าน วัง รี อำเภอ เมือง ตำบล เขาพระ อำเภอเมืองนครนายก นครนายก,,,"{'1': 2, '2': 6, '3': 30, '4': 83, '5': 198}",14.3309415,101.2034421
TA146,อ่างเก็บน้ำวังบอน นครนายก,สถานที่ท่องเที่ยว,4,726,https://www.google.com/maps/place/%E0%B8%AD%E0%B9%88%E0%B8%B2%E0%B8%87%E0%B9%80%E0%B8%81%E0%B9%87%E0%B8%9A%E0%B8%99%E0%B9%89%E0%B8%B3%E0%B8%A7%E0%B8%B1%E0%B8%87%E0%B8%9A%E0%B8%AD%E0%B8%99+%E0%B8%99%E0%B8%84%E0%B8%A3%E0%B8%99%E0%B8%B2%E0%B8%A2%E0%B8%81/data=!4m7!3m6!1s0x311c4d055cd87d53:0x1d167c5cc235b3d4!8m2!3d14.23439!4d101.3783784!16s%2Fg%2F11c51shk5w!19sChIJU33YXAVNHDER1LM1wlx8Fh0?authuser=0&hl=th&rclk=1,https://tourist-attraction-924.business.site/,,อ่างเก็บน้ำวังบอน นครนายก ตำบล นาหินลาด อำเภอปากพลี นครนายก 26130,,,"{'1': 33, '2': 32, '3': 120, '4': 227, '5': 314}",14.23439,101.3783784
TA147,อ่างเก็บน้ำสายศร,สถานที่ท่องเที่ยว,4.6,1489,https://www.google.com/maps/place/%E0%B8%AD%E0%B9%88%E0%B8%B2%E0%B8%87%E0%B9%80%E0%B8%81%E0%B9%87%E0%B8%9A%E0%B8%99%E0%B9%89%E0%B8%B3%E0%B8%AA%E0%B8%B2%E0%B8%A2%E0%B8%A8%E0%B8%A3/data=!4m7!3m6!1s0x311c34e15e481137:0x30abe8ca6787137!8m2!3d14.4324187!4d101.3704117!16s%2Fg%2F1hm36_ylk!19sChIJNxFIXuE0HDERN3F4poy-CgM?authuser=0&hl=th&rclk=1,,,อ่างเก็บน้ำสายศร อุทยานแห่งชาติเขาใหญ่ ตำบล หินตั้ง อำเภอเมืองนครนายก นครนายก 26000,,,"{'1': 13, '2': 6, '3': 107, '4': 374, '5': 989}",14.4324187,101.3704117
TA148,อ่างเก็บน้ำห้วยปรือ นครนายก,สถานที่ท่องเที่ยว,4.4,1185,https://www.google.com/maps/place/%E0%B8%AD%E0%B9%88%E0%B8%B2%E0%B8%87%E0%B9%80%E0%B8%81%E0%B9%87%E0%B8%9A%E0%B8%99%E0%B9%89%E0%B8%B3%E0%B8%AB%E0%B9%89%E0%B8%A7%E0%B8%A2%E0%B8%9B%E0%B8%A3%E0%B8%B7%E0%B8%AD+%E0%B8%99%E0%B8%84%E0%B8%A3%E0%B8%99%E0%B8%B2%E0%B8%A2%E0%B8%81/data=!4m7!3m6!1s0x311db6d0b141b9fb:0xa042ad5e23a87aa!8m2!3d14.3097157!4d101.2132303!16s%2Fg%2F11c0w0ng_0!19sChIJ-7lBsdC2HTERqoc64tUqBAo?authuser=0&hl=th&rclk=1,,,8657+V7Q อ่างเก็บน้ำห้วยปรือ นครนายก ตำบล เขาพระ อำเภอเมืองนครนายก นครนายก 26000,,,"{'1': 18, '2': 24, '3': 111, '4': 301, '5': 731}",14.3097157,101.2132303
TA149,อาร์ ATV นครนายก,สถานที่ท่องเที่ยว,4,2,https://www.google.com/maps/place/%E0%B8%AD%E0%B8%B2%E0%B8%A3%E0%B9%8C+ATV+%E0%B8%99%E0%B8%84%E0%B8%A3%E0%B8%99%E0%B8%B2%E0%B8%A2%E0%B8%81/data=!4m7!3m6!1s0x311db50f3ddb094f:0x662bdcd187c92327!8m2!3d14.3123098!4d101.2957712!16s%2Fg%2F11k4nvyr9b!19sChIJTwnbPQ-1HTERJyPJh9HcK2Y?authuser=0&hl=th&rclk=1,,,876W+W8C อาร์ ATV นครนายก ตำบล สาริกา อำเภอเมืองนครนายก นครนายก 26000,,,"{'1': 0, '2': 0, '3': 1, '4': 0, '5': 1}",14.3123098,101.2957712
TA150,อุทยานพระพิฆเนศ,โบสถ์ของศาสนาฮินดู,4,1044,https://www.google.com/maps/place/%E0%B8%AD%E0%B8%B8%E0%B8%97%E0%B8%A2%E0%B8%B2%E0%B8%99%E0%B8%9E%E0%B8%A3%E0%B8%B0%E0%B8%9E%E0%B8%B4%E0%B8%86%E0%B9%80%E0%B8%99%E0%B8%A8/data=!4m7!3m6!1s0x311db3d1489b3fdd:0x2894f2457794ff1!8m2!3d14.2579282!4d101.2587277!16s%2Fg%2F1pv0tbmz9!19sChIJ3T-bSNGzHTER8U95VyRPiQI?authuser=0&hl=th&rclk=1,,,7755+5FH อุทยานพระพิฆเนศ ตำบล สาริกา อำเภอเมืองนครนายก นครนายก 26000,,,"{'1': 39, '2': 66, '3': 204, '4': 258, '5': 477}",14.2579282,101.2587277
TA151,อุทยานมาฆบูชา นครนายก,วัด,4.3,218,https://www.google.com/maps/place/%E0%B8%AD%E0%B8%B8%E0%B8%97%E0%B8%A2%E0%B8%B2%E0%B8%99%E0%B8%A1%E0%B8%B2%E0%B8%86%E0%B8%9A%E0%B8%B9%E0%B8%8A%E0%B8%B2+%E0%B8%99%E0%B8%84%E0%B8%A3%E0%B8%99%E0%B8%B2%E0%B8%A2%E0%B8%81/data=!4m7!3m6!1s0x311db5be7744f5db:0x19d683e91a6d4d50!8m2!3d14.299993!4d101.2697753!16s%2Fg%2F11f5lydjhf!19sChIJ2_VEd761HTERUE1tGumD1hk?authuser=0&hl=th&rclk=1,,,77X9+XWR อุทยานมาฆบูชา นครนายก ตำบล สาริกา อำเภอเมืองนครนายก นครนายก 26000,,,"{'1': 2, '2': 2, '3': 29, '4': 76, '5': 109}",14.299993,101.2697753
TA152,อุทยานวังตะไคร้,อุทยาน,4.2,781,https://www.google.com/maps/place/%E0%B8%AD%E0%B8%B8%E0%B8%97%E0%B8%A2%E0%B8%B2%E0%B8%99%E0%B8%A7%E0%B8%B1%E0%B8%87%E0%B8%95%E0%B8%B0%E0%B9%84%E0%B8%84%E0%B8%A3%E0%B9%89/data=!4m7!3m6!1s0x311db4f37a9d1269:0xfe30018b99dd5c12!8m2!3d14.3212496!4d101.3051657!16s%2Fg%2F11c1r_sch5!19sChIJaRKdevO0HTERElzdmYsBMP4?authuser=0&hl=th&rclk=1,http://www.wangtakrai.com/,037 385 164,อุทยานวังตะไคร้ 222 ทางหลวงแผ่นดินหมายเลข. 3049 ตำบล บ้านใหญ่ อำเภอเมืองนครนายก นครนายก 26000,,ธารน้ำ 2 สายไหลมาบรรจบกันที่น้ำตกอันงดงามในบรรยากาศรีสอร์ทท่ามกลางธรรมชาติ มีกิจกรรมเพื่อการพักผ่อนมากมาย,"{'1': 29, '2': 23, '3': 101, '4': 210, '5': 418}",14.3212496,101.3051657
TA153,เอเดนฟาร์ม นครนายก,สถานที่ท่องเที่ยว,4.1,1457,https://www.google.com/maps/place/%E0%B9%80%E0%B8%AD%E0%B9%80%E0%B8%94%E0%B8%99%E0%B8%9F%E0%B8%B2%E0%B8%A3%E0%B9%8C%E0%B8%A1+%E0%B8%99%E0%B8%84%E0%B8%A3%E0%B8%99%E0%B8%B2%E0%B8%A2%E0%B8%81/data=!4m7!3m6!1s0x311db01e1a974caf:0x2e8e6ab65f4ec39d!8m2!3d14.2079474!4d101.1821211!16s%2Fg%2F11f4pv3nfw!19sChIJr0yXGh6wHTERncNOX7Zqji4?authuser=0&hl=th&rclk=1,https://facebook.com/adenfarmthai/?locale2=th_TH,081 375 0342,655J+5RH เอเดนฟาร์ม นครนายก ถนน รังสิต - นครนายก ตำบล คลองใหญ่ อำเภอองครักษ์ นครนายก 26000,,พื้นที่คล้ายสวนมีเครื่องเล่นสำหรับเด็ก ดนตรีสด และแผงขายอาหาร รวมถึงงานศิลปะที่จัดวางไว้ให้ถ่ายรูป,"{'1': 32, '2': 62, '3': 289, '4': 465, '5': 609}",14.2079474,101.1821211